date,stress,individual_sleep,organizational_workload,organizational_control,ambient_temperature,ambient_humidity,ambient_precipitation,ambient_cloudcover,user,organizational_socialinteraction,stress_tolerance
2013-11-11 09:00:00,2,3,3,3,2.111111111111111,3.0,1,3.7777777777777777,u1,1,2
2013-11-11 13:00:00,2,3,3,3,3.0,2.0,1,3.0,u1,1,2
2013-11-12 09:00:00,2,3,2,3,3.0,2.25,1,2.8,u1,2,2
2013-11-12 10:00:00,1,2,3,3,3.0,3.0,1,2.0,u1,1,2
2013-11-14 08:00:00,3,3,3,4,3.391304347826087,3.891304347826087,1,3.0,u1,2,2
2013-11-14 11:00:00,2,2,2,2,3.0,5.0,1,5.0,u1,3,2
2013-11-14 13:00:00,2,2,3,2,3.0,4.0,1,5.0,u1,1,2
2013-11-14 16:00:00,2,2,2,3,3.0,5.0,1,5.0,u1,1,2
2013-11-15 08:00:00,1,3,4,2,3.0,5.0,1,5.0,u1,1,2
2013-11-15 11:00:00,2,3,3,3,3.0,5.0,1,5.0,u1,1,2
2013-11-15 13:00:00,3,3,4,4,3.0,5.0,1,5.0,u1,1,2
2013-11-15 16:00:00,2,3,4,1,3.0,5.0,1,5.0,u1,1,2
2013-11-18 08:00:00,2,3,3,3,2.828125,4.671875,1,2.796875,u1,1,2
2013-11-18 10:00:00,2,3,3,2,3.0,5.0,1,5.0,u1,1,2
2013-11-18 16:00:00,2,3,2,3,3.0,4.166666666666667,1,5.0,u1,2,2
2013-11-19 08:00:00,1,5,4,1,3.0,4.625,1,5.0,u1,1,2
2013-11-19 13:00:00,2,5,4,2,3.0,5.0,1,5.0,u1,3,2
2013-11-19 16:00:00,2,5,3,3,3.0,5.0,1,5.0,u1,2,2
2013-11-20 08:00:00,3,5,3,4,3.0,5.0,1,5.0,u1,1,2
2013-11-20 13:00:00,1,5,4,3,3.0,4.8,1,3.6,u1,1,2
2013-11-20 16:00:00,2,5,3,3,3.0,5.0,1,5.0,u1,1,2
2013-11-21 08:00:00,2,2,3,3,2.6875,5.0,1,3.8125,u1,1,2
2013-11-21 13:00:00,3,2,3,3,2.8,5.0,1,5.0,u1,1,2
2013-11-21 16:00:00,1,2,4,2,3.0,5.0,1,5.0,u1,1,2
2013-11-22 08:00:00,2,2,2,3,2.0625,5.0,1,4.9375,u1,1,2
2013-11-22 09:00:00,2,3,3,3,2.0,5.0,1,5.0,u1,1,2
2013-11-22 13:00:00,1,3,4,3,2.75,3.5,1,4.0,u1,1,2
2013-11-22 14:00:00,2,3,4,3,2.0,4.0,1,4.0,u1,1,2
2013-11-22 16:00:00,2,3,3,4,3.0,3.0,1,4.5,u1,1,2
2013-11-25 09:00:00,3,3,5,1,2.707692307692308,3.9384615384615387,2,4.153846153846154,u1,5,2
2013-11-25 13:00:00,1,3,3,2,2.5,2.5,1,1.0,u1,2,2
2013-11-25 16:00:00,2,3,2,3,2.6666666666666665,2.0,1,1.0,u1,3,2
2013-11-26 08:00:00,3,3,4,1,2.125,1.3125,1,1.0,u1,3,2
2013-11-26 13:00:00,2,3,3,3,2.0,2.0,1,1.0,u1,2,2
2013-11-26 16:00:00,1,3,3,3,2.6666666666666665,1.3333333333333333,1,1.0,u1,1,2
2013-11-27 08:00:00,1,3,4,2,2.0,1.5,1,1.625,u1,1,2
2013-11-27 13:00:00,2,3,3,4,2.4,1.4,1,2.6,u1,1,2
2013-11-27 16:00:00,2,3,3,3,3.0,1.3333333333333333,1,2.3333333333333335,u1,1,2
2013-11-28 08:00:00,2,3,4,4,2.4375,2.9375,1,1.4375,u1,1,2
2013-11-28 13:00:00,2,3,2,4,2.6,3.2,1,1.0,u1,3,2
2013-11-28 16:00:00,2,3,4,4,3.0,3.0,1,1.0,u1,1,2
2013-11-29 08:00:00,3,3,3,3,2.375,3.8125,1,1.0,u1,1,2
2013-11-29 14:00:00,3,3,4,4,2.8333333333333335,3.5,1,1.0,u1,1,2
2013-11-29 16:00:00,3,3,3,3,3.0,4.0,1,1.0,u1,1,2
2013-12-02 08:00:00,2,2,3,3,2.6875,3.140625,1,2.546875,u1,2,2
2013-12-02 16:00:00,3,2,2,4,3.0,2.25,1,1.0,u1,4,2
2013-12-03 08:00:00,2,4,5,2,2.9375,3.0625,1,1.0625,u1,1,2
2013-12-03 13:00:00,2,4,3,4,2.8,3.0,1,1.0,u1,1,2
2013-12-03 17:00:00,2,4,3,3,3.0,3.25,1,1.0,u1,1,2
2013-12-04 08:00:00,2,4,4,1,3.0,3.4,1,1.2,u1,1,2
2013-12-04 13:00:00,2,4,4,2,3.0,3.2,1,1.0,u1,2,2
2013-12-04 14:00:00,3,4,5,5,3.0,4.0,1,1.0,u1,1,2
2013-12-05 08:00:00,3,2,3,3,3.0,3.5,1,1.3888888888888888,u1,1,2
2013-12-05 13:00:00,2,2,3,2,3.0,3.2,1,1.0,u1,1,2
2013-12-05 16:00:00,2,2,3,2,3.0,3.0,1,1.0,u1,1,2
2013-12-06 08:00:00,2,3,3,3,3.0,3.5625,1,1.0,u1,1,2
2013-12-06 14:00:00,3,3,4,2,3.0,2.5,1,1.1666666666666667,u1,4,2
2013-12-06 16:00:00,2,3,3,2,3.0,2.0,1,1.0,u1,1,2
2013-12-09 08:00:00,3,4,3,3,2.8125,3.265625,1,1.203125,u1,2,2
2013-12-09 13:00:00,3,4,4,2,2.8,3.6,1,2.0,u1,2,2
2013-12-09 16:00:00,1,4,4,2,3.0,3.3333333333333335,1,2.3333333333333335,u1,2,2
2013-12-10 08:00:00,1,4,4,2,3.0,2.625,1,1.5,u1,1,2
2013-12-10 13:00:00,2,4,2,3,3.2,3.2,1,1.0,u1,4,2
2013-12-10 16:00:00,2,4,4,1,3.3333333333333335,3.6666666666666665,1,1.0,u1,1,2
2013-12-11 08:00:00,3,5,4,4,2.9375,4.0625,1,1.0,u1,1,2
2013-12-11 13:00:00,2,5,3,3,2.8,3.6,1,1.0,u1,3,2
2013-12-11 16:00:00,3,5,4,2,3.0,3.6666666666666665,1,1.0,u1,2,2
2013-12-12 08:00:00,2,5,4,2,2.9375,4.0,1,1.0,u1,1,2
2013-12-12 11:00:00,2,5,4,2,2.6666666666666665,3.6666666666666665,1,1.0,u1,1,2
2013-12-12 13:00:00,3,5,4,5,3.0,2.0,1,1.0,u1,1,2
2013-12-12 16:00:00,2,5,3,2,3.0,3.0,1,1.0,u1,1,2
2013-12-13 08:00:00,2,4,3,2,3.0,3.875,1,1.0,u1,4,2
2013-12-13 13:00:00,2,4,4,2,3.0,3.0,1,1.0,u1,3,2
2013-12-13 16:00:00,3,4,5,2,3.0,3.0,1,1.0,u1,2,2
2013-12-16 08:00:00,2,4,4,2,2.890625,3.71875,1,1.09375,u1,5,2
2013-12-16 13:00:00,3,4,3,2,2.8,3.4,1,1.0,u1,2,2
2013-12-16 16:00:00,2,4,3,3,3.0,3.0,1,1.0,u1,3,2
2013-12-17 08:00:00,3,3,3,2,3.0,3.875,1,1.0,u1,1,2
2013-12-17 13:00:00,2,3,5,2,3.0,3.6,1,1.0,u1,1,2
2013-12-18 08:00:00,2,4,4,2,3.0,3.4210526315789473,1,1.1578947368421053,u1,1,2
2013-12-18 13:00:00,2,4,2,3,3.0,2.8,1,2.0,u1,1,2
2013-12-18 16:00:00,3,4,3,3,3.0,3.0,1,2.0,u1,3,2
2013-11-05 16:00:00,3,3,4,2,3.3125,4.3125,1,3.0625,u2,1,1
2013-11-06 09:00:00,2,3,5,4,3.0,4.882352941176471,1,3.6470588235294117,u2,2,1
2013-11-06 13:00:00,2,3,5,3,3.5,3.75,1,1.5,u2,2,1
2013-11-06 16:00:00,2,3,4,3,4.0,3.3333333333333335,1,1.6666666666666667,u2,2,1
2013-11-07 09:00:00,2,2,4,2,3.1176470588235294,4.647058823529412,1,1.0,u2,1,1
2013-11-07 13:00:00,2,2,3,3,3.75,3.25,1,1.0,u2,3,1
2013-11-07 16:00:00,3,2,4,3,4.0,3.6666666666666665,1,4.333333333333333,u2,4,1
2013-11-08 09:00:00,3,5,5,4,3.0588235294117645,5.0,1,5.0,u2,1,1
2013-11-08 13:00:00,3,5,3,2,3.5,4.5,1,5.0,u2,1,1
2013-11-08 16:00:00,3,5,3,2,4.0,4.333333333333333,1,5.0,u2,2,1
2013-11-11 11:00:00,2,1,4,1,2.8805970149253732,4.447761194029851,1,4.08955223880597,u2,1,1
2013-11-12 09:00:00,2,2,3,2,3.0,2.227272727272727,1,2.8181818181818183,u2,2,1
2013-11-12 13:00:00,1,2,3,2,3.5,3.0,1,2.25,u2,3,1
2013-11-13 09:00:00,3,4,5,2,3.25,3.95,1,2.25,u2,3,1
2013-11-13 13:00:00,2,4,3,1,3.75,3.25,1,2.0,u2,2,1
2013-11-13 16:00:00,3,4,5,1,4.0,3.0,1,1.3333333333333333,u2,2,1
2013-11-14 08:00:00,1,5,3,1,3.3125,4.3125,1,4.625,u2,1,1
2013-11-14 13:00:00,2,5,3,1,3.0,4.6,1,5.0,u2,4,1
2013-11-21 10:00:00,2,4,3,1,2.896969696969697,4.8,3,3.987878787878788,u2,4,1
2013-11-21 13:00:00,2,4,3,1,3.0,5.0,1,5.0,u2,3,1
2013-11-21 16:00:00,2,4,4,2,3.0,5.0,1,5.0,u2,2,1
2013-11-22 08:00:00,1,5,3,1,2.0625,5.0,1,4.9375,u2,1,1
2013-11-25 08:00:00,1,3,3,5,2.6944444444444446,3.9166666666666665,2,4.208333333333333,u2,3,1
2013-11-25 13:00:00,1,3,3,5,2.6,2.6,1,1.0,u2,1,1
2013-11-26 08:00:00,1,4,4,1,2.210526315789474,1.4210526315789473,1,1.0,u2,5,1
2013-11-26 13:00:00,2,4,3,1,2.0,2.0,1,1.0,u2,5,1
2013-11-26 16:00:00,1,4,3,1,2.6666666666666665,1.3333333333333333,1,1.0,u2,3,1
2013-11-27 08:00:00,1,4,3,2,2.0,1.5,1,1.625,u2,3,1
2013-11-28 08:00:00,2,4,3,3,2.5,2.4166666666666665,1,1.7916666666666667,u2,1,1
2013-11-29 08:00:00,2,5,4,3,2.5,3.5833333333333335,1,1.0,u2,3,1
2013-11-29 13:00:00,2,5,5,1,2.8,3.4,1,1.0,u2,3,1
2013-11-29 16:00:00,3,5,3,1,3.0,4.0,1,1.0,u2,3,1
2013-12-02 08:00:00,2,5,3,1,2.6875,3.140625,1,2.546875,u2,1,1
2013-12-02 16:00:00,3,5,4,3,3.0,2.25,1,1.0,u2,5,1
2013-12-03 08:00:00,3,4,5,2,2.9375,3.0625,1,1.0625,u2,1,1
2013-12-03 13:00:00,3,4,5,1,2.8,3.0,1,1.0,u2,1,1
2013-12-03 16:00:00,3,4,5,5,3.0,3.0,1,1.0,u2,1,1
2013-12-04 13:00:00,3,3,5,2,3.0,3.380952380952381,1,1.1428571428571428,u2,2,1
2013-12-04 16:00:00,3,3,5,3,3.0,4.0,1,1.0,u2,4,1
2013-12-05 08:00:00,2,3,4,3,3.0,3.4375,1,1.4375,u2,1,1
2013-12-05 13:00:00,2,3,4,2,3.0,3.2,1,1.0,u2,4,1
2013-12-05 16:00:00,3,3,4,3,3.0,3.0,1,1.0,u2,2,1
2013-12-06 08:00:00,2,4,5,1,3.0,3.5625,1,1.0,u2,1,1
2013-12-06 16:00:00,3,4,3,4,3.0,2.375,1,1.125,u2,1,1
2013-12-09 08:00:00,2,5,3,2,2.8125,3.265625,1,1.203125,u2,1,1
2013-12-09 16:00:00,3,5,5,3,2.875,3.5,1,2.125,u2,5,1
2013-12-10 08:00:00,3,5,3,2,3.0,2.625,1,1.5,u2,1,1
2013-12-10 13:00:00,3,5,4,2,3.2,3.2,1,1.0,u2,1,1
2013-12-10 16:00:00,3,5,3,1,3.3333333333333335,3.6666666666666665,1,1.0,u2,2,1
2013-12-11 09:00:00,2,4,4,5,2.8823529411764706,4.0588235294117645,1,1.0,u2,1,1
2013-12-11 13:00:00,3,4,5,3,3.0,3.5,1,1.0,u2,4,1
2013-12-11 16:00:00,3,4,5,4,3.0,3.6666666666666665,1,1.0,u2,1,1
2013-12-13 08:00:00,2,5,3,2,2.95,3.75,1,1.0,u2,3,1
2013-12-13 13:00:00,2,5,3,2,3.0,3.0,1,1.0,u2,4,1
2013-12-13 16:00:00,1,5,3,1,3.0,3.0,1,1.0,u2,2,1
2013-12-16 08:00:00,2,3,4,3,2.890625,3.71875,1,1.09375,u2,2,1
2013-12-16 13:00:00,3,3,4,5,2.8,3.4,1,1.0,u2,4,1
2013-12-16 16:00:00,3,3,5,5,3.0,3.0,1,1.0,u2,2,1
2013-12-17 08:00:00,2,5,4,4,3.0,3.875,1,1.0,u2,1,1
2013-12-17 13:00:00,3,5,5,4,3.0,3.6,1,1.0,u2,2,1
2013-12-17 16:00:00,3,5,5,2,3.0,3.0,1,1.0,u2,2,1
2013-12-18 08:00:00,3,4,5,3,3.0,3.5,1,1.1875,u2,1,1
2013-12-18 13:00:00,3,4,4,2,3.0,2.8,1,2.0,u2,2,1
2013-12-18 16:00:00,3,4,5,5,3.0,3.0,1,2.0,u2,1,1
2013-12-19 08:00:00,3,3,5,4,2.9375,3.375,1,1.5625,u2,1,1
2013-12-19 13:00:00,3,3,5,5,3.0,4.0,1,5.0,u2,5,1
2013-12-19 16:00:00,3,3,5,3,3.0,4.666666666666667,1,5.0,u2,3,1
2013-12-20 08:00:00,3,2,3,2,3.0,5.0,1,4.6875,u2,2,1
2013-12-20 13:00:00,2,2,3,3,3.0,5.0,1,5.0,u2,1,1
2013-12-20 16:00:00,3,2,5,5,3.0,5.0,1,5.0,u2,1,1
2013-11-06 15:00:00,2,5,4,3,3.2666666666666666,4.266666666666667,1,2.466666666666667,u3,1,4
2013-11-07 09:00:00,2,5,1,5,3.1666666666666665,4.611111111111111,1,1.0,u3,1,4
2013-11-08 08:00:00,2,4,1,5,3.3043478260869565,4.521739130434782,1,4.217391304347826,u3,1,4
2013-11-08 09:00:00,2,4,2,5,3.0,5.0,1,5.0,u3,1,4
2013-11-08 13:00:00,3,4,1,5,3.5,4.5,1,5.0,u3,3,4
2013-11-08 16:00:00,2,4,1,5,4.0,4.333333333333333,1,5.0,u3,4,4
2013-11-11 09:00:00,2,5,2,5,2.876923076923077,4.523076923076923,1,4.123076923076923,u3,1,4
2013-11-11 13:00:00,1,5,2,5,3.0,2.0,1,3.0,u3,1,4
2013-11-12 09:00:00,1,5,1,5,3.0,2.25,1,2.8,u3,1,4
2013-11-13 09:00:00,1,5,2,5,3.2916666666666665,3.7916666666666665,1,2.25,u3,1,4
2013-11-13 13:00:00,1,5,1,5,3.75,3.25,1,2.0,u3,1,4
2013-11-14 09:00:00,1,3,2,5,3.4,4.15,1,4.15,u3,1,4
2013-11-14 13:00:00,2,3,1,5,3.0,4.5,1,5.0,u3,2,4
2013-11-15 08:00:00,1,5,1,5,3.0,5.0,1,5.0,u3,1,4
2013-11-15 13:00:00,1,5,1,5,3.0,5.0,1,5.0,u3,1,4
2013-11-18 08:00:00,1,5,1,5,2.8358208955223883,4.686567164179104,1,2.8955223880597014,u3,1,4
2013-11-18 10:00:00,1,5,1,5,3.0,5.0,1,5.0,u3,1,4
2013-11-18 15:00:00,3,5,1,5,3.0,4.0,1,5.0,u3,1,4
2013-11-18 16:00:00,3,5,1,5,3.0,5.0,1,5.0,u3,1,4
2013-11-19 08:00:00,1,5,1,5,3.0,4.625,1,5.0,u3,1,4
2013-11-19 13:00:00,1,5,1,5,3.0,5.0,1,5.0,u3,1,4
2013-11-20 09:00:00,1,5,1,5,3.0,5.0,1,4.9,u3,1,4
2013-11-20 13:00:00,1,5,1,5,3.0,4.75,1,3.75,u3,1,4
2013-11-20 16:00:00,1,5,1,5,3.0,5.0,1,5.0,u3,1,4
2013-11-21 08:00:00,1,3,1,5,2.6875,5.0,1,3.8125,u3,1,4
2013-11-21 14:00:00,1,3,1,5,2.8333333333333335,5.0,1,5.0,u3,1,4
2013-11-21 16:00:00,1,3,1,5,3.0,5.0,1,5.0,u3,1,4
2013-11-22 08:00:00,1,5,1,5,2.0625,5.0,1,4.9375,u3,1,4
2013-11-22 13:00:00,1,5,1,5,2.6,3.8,1,4.2,u3,1,4
2013-11-22 16:00:00,1,5,1,5,2.6666666666666665,3.3333333333333335,1,4.333333333333333,u3,1,4
2013-11-25 08:00:00,1,3,2,5,2.703125,3.953125,2,4.203125,u3,1,4
2013-11-25 13:00:00,1,3,1,5,2.6,2.6,1,1.0,u3,1,4
2013-11-26 08:00:00,1,5,1,5,2.210526315789474,1.4210526315789473,1,1.0,u3,1,4
2013-11-26 10:00:00,1,5,2,5,2.0,2.0,1,1.0,u3,1,4
2013-11-26 13:00:00,1,5,1,5,2.0,2.0,1,1.0,u3,1,4
2013-11-26 16:00:00,1,5,2,5,2.6666666666666665,1.3333333333333333,1,1.0,u3,1,4
2013-11-27 09:00:00,1,5,2,5,2.0,1.5294117647058822,1,1.7058823529411764,u3,1,4
2013-11-27 10:00:00,1,5,2,5,2.0,2.0,1,3.0,u3,1,4
2013-11-27 13:00:00,1,5,2,5,2.6666666666666665,1.0,1,2.3333333333333335,u3,1,4
2013-11-28 08:00:00,1,5,2,5,2.526315789473684,2.6842105263157894,1,1.5789473684210527,u3,1,4
2013-11-28 13:00:00,1,5,2,5,2.6,3.2,1,1.0,u3,1,4
2013-11-28 16:00:00,1,5,1,5,3.0,3.0,1,1.0,u3,1,4
2013-11-29 08:00:00,1,5,1,5,2.375,3.8125,1,1.0,u3,5,4
2013-11-29 13:00:00,1,5,1,5,2.8,3.4,1,1.0,u3,1,4
2013-11-29 16:00:00,1,5,2,5,3.0,4.0,1,1.0,u3,1,4
2013-12-02 08:00:00,1,5,1,5,2.6875,3.140625,1,2.546875,u3,1,4
2013-12-02 14:00:00,1,5,2,5,3.0,2.0,1,1.0,u3,1,4
2013-12-02 16:00:00,1,5,2,5,3.0,3.0,1,1.0,u3,1,4
2013-12-03 08:00:00,1,5,2,5,2.9375,3.0625,1,1.0625,u3,1,4
2013-12-03 13:00:00,1,5,1,5,2.8,3.0,1,1.0,u3,1,4
2013-12-03 16:00:00,1,5,2,5,3.0,3.0,1,1.0,u3,1,4
2013-12-04 08:00:00,1,5,2,5,3.0,3.4375,1,1.1875,u3,1,4
2013-12-04 13:00:00,1,5,1,5,3.0,3.2,1,1.0,u3,1,4
2013-12-04 15:00:00,1,5,2,5,3.0,4.0,1,1.0,u3,1,4
2013-12-04 16:00:00,1,5,2,5,3.0,4.0,1,1.0,u3,1,4
2013-12-05 08:00:00,1,3,2,5,3.0,3.4375,1,1.4375,u3,1,4
2013-12-05 13:00:00,1,3,2,5,3.0,3.2,1,1.0,u3,1,4
2013-12-05 18:00:00,1,3,1,5,3.0,3.2,1,1.0,u3,1,4
2013-12-06 08:00:00,1,3,1,5,3.0,3.5714285714285716,1,1.0,u3,1,4
2013-12-06 16:00:00,1,3,2,5,3.0,2.375,1,1.125,u3,1,4
2013-12-09 08:00:00,1,3,2,5,2.8125,3.265625,1,1.203125,u3,1,4
2013-12-09 13:00:00,1,3,2,5,2.8,3.6,1,2.0,u3,1,4
2013-12-09 16:00:00,1,3,2,5,3.0,3.3333333333333335,1,2.3333333333333335,u3,1,4
2013-12-10 08:00:00,1,3,2,5,3.0,2.625,1,1.5,u3,1,4
2013-12-10 13:00:00,1,3,2,5,3.2,3.2,1,1.0,u3,1,4
2013-12-10 16:00:00,2,3,2,5,3.3333333333333335,3.6666666666666665,1,1.0,u3,1,4
2013-12-11 09:00:00,2,5,2,5,2.8823529411764706,4.0588235294117645,1,1.0,u3,1,4
2013-12-11 13:00:00,1,5,1,5,3.0,3.5,1,1.0,u3,1,4
2013-12-11 16:00:00,1,5,1,5,3.0,3.6666666666666665,1,1.0,u3,1,4
2013-12-12 08:00:00,2,5,2,5,2.9375,4.0,1,1.0,u3,1,4
2013-12-12 10:00:00,1,5,2,5,2.5,4.0,1,1.0,u3,1,4
2013-12-12 13:00:00,2,5,2,5,3.0,2.3333333333333335,1,1.0,u3,1,4
2013-12-12 16:00:00,3,5,1,5,3.0,3.0,1,1.0,u3,1,4
2013-12-13 08:00:00,2,5,2,5,3.0,3.875,1,1.0,u3,1,4
2013-12-13 13:00:00,2,5,2,5,3.0,3.0,1,1.0,u3,1,4
2013-12-13 16:00:00,2,5,2,5,3.0,3.0,1,1.0,u3,1,4
2013-12-16 08:00:00,1,3,2,5,2.890625,3.71875,1,1.09375,u3,1,4
2013-12-16 10:00:00,1,4,2,5,2.5,4.0,1,1.0,u3,1,4
2013-12-16 13:00:00,1,4,2,5,3.0,3.0,1,1.0,u3,1,4
2013-12-16 16:00:00,2,4,2,5,3.0,3.0,1,1.0,u3,1,4
2013-12-17 08:00:00,1,5,2,5,3.0,3.875,1,1.0,u3,1,4
2013-12-17 10:00:00,1,5,2,5,3.0,4.0,1,1.0,u3,1,4
2013-12-17 13:00:00,2,5,2,5,3.0,3.3333333333333335,1,1.0,u3,1,4
2013-12-17 16:00:00,1,5,2,5,3.0,3.0,1,1.0,u3,1,4
2013-12-18 08:00:00,1,5,3,5,3.0,3.5,1,1.1875,u3,1,4
2013-12-18 09:00:00,1,5,2,5,3.0,3.0,1,2.0,u3,1,4
2013-12-18 13:00:00,1,5,2,5,3.0,2.75,1,2.0,u3,3,4
2013-12-18 16:00:00,1,5,2,5,3.0,3.0,1,2.0,u3,1,4
2013-12-19 08:00:00,1,5,3,5,2.9375,3.375,1,1.5625,u3,1,4
2013-12-19 13:00:00,1,5,3,5,3.0,4.0,1,5.0,u3,1,4
2013-12-19 16:00:00,1,5,3,5,3.0,4.666666666666667,1,5.0,u3,1,4
2013-11-12 09:00:00,1,5,5,3,3.0,2.111111111111111,1,3.3333333333333335,u4,1,5
2013-11-12 11:00:00,1,4,3,3,3.0,3.0,1,2.0,u4,1,5
2013-11-12 13:00:00,1,4,5,2,4.0,3.0,1,2.5,u4,2,5
2013-11-12 16:00:00,1,4,5,1,4.0,3.0,1,1.0,u4,2,5
2013-11-13 09:00:00,1,4,1,3,3.1176470588235294,4.117647058823529,1,2.4705882352941178,u4,2,5
2013-11-13 13:00:00,1,4,3,3,3.75,3.25,1,2.0,u4,1,5
2013-11-13 17:00:00,1,4,4,3,4.0,3.0,1,1.75,u4,2,5
2013-11-14 08:00:00,1,4,4,2,3.2666666666666666,4.4,1,4.733333333333333,u4,2,5
2013-11-14 13:00:00,1,4,5,1,3.0,4.6,1,5.0,u4,1,5
2013-11-14 17:00:00,1,4,3,3,3.0,5.0,1,5.0,u4,1,5
2013-11-15 08:00:00,1,5,4,2,3.0,5.0,1,5.0,u4,1,5
2013-11-15 12:00:00,1,5,3,2,3.0,5.0,1,5.0,u4,1,5
2013-11-18 08:00:00,2,4,3,4,2.838235294117647,4.6911764705882355,1,2.926470588235294,u4,1,5
2013-11-18 13:00:00,1,4,2,4,3.0,4.4,1,5.0,u4,3,5
2013-11-18 16:00:00,1,4,5,3,3.0,4.333333333333333,1,5.0,u4,2,5
2013-11-19 09:00:00,1,5,4,3,3.0,4.647058823529412,1,5.0,u4,1,5
2013-11-19 14:00:00,1,5,4,3,3.0,5.0,1,5.0,u4,1,5
2013-11-19 16:00:00,1,5,3,1,3.0,5.0,1,5.0,u4,1,5
2013-11-20 08:00:00,2,5,1,5,3.0,5.0,1,5.0,u4,1,5
2013-11-20 13:00:00,1,5,3,3,3.0,4.8,1,3.6,u4,2,5
2013-11-20 16:00:00,1,5,5,3,3.0,5.0,1,5.0,u4,1,5
2013-11-21 08:00:00,1,5,3,3,2.6875,5.0,1,3.8125,u4,1,5
2013-11-21 13:00:00,1,5,4,3,2.8,5.0,1,5.0,u4,2,5
2013-11-21 16:00:00,1,5,4,1,3.0,5.0,1,5.0,u4,1,5
2013-11-25 08:00:00,1,5,4,2,2.5795454545454546,4.113636363636363,3,4.340909090909091,u4,1,5
2013-11-25 13:00:00,2,5,4,4,2.6,2.6,1,1.0,u4,1,5
2013-11-25 16:00:00,1,5,4,3,2.6666666666666665,2.0,1,1.0,u4,1,5
2013-11-26 08:00:00,1,5,4,1,2.125,1.3125,1,1.0,u4,1,5
2013-11-26 13:00:00,2,5,5,3,2.0,2.0,1,1.0,u4,1,5
2013-11-26 17:00:00,1,5,3,5,2.5,1.25,1,1.0,u4,1,5
2013-11-27 08:00:00,1,5,4,2,2.0,1.5333333333333334,1,1.6666666666666667,u4,1,5
2013-11-27 13:00:00,1,5,5,4,2.4,1.4,1,2.6,u4,1,5
2013-11-27 16:00:00,1,5,5,2,3.0,1.3333333333333333,1,2.3333333333333335,u4,1,5
2013-12-02 08:00:00,1,5,3,3,2.625,3.2410714285714284,1,1.9464285714285714,u4,1,5
2013-12-02 13:00:00,1,5,5,5,3.0,2.0,1,1.0,u4,2,5
2013-12-02 16:00:00,1,5,5,1,3.0,2.6666666666666665,1,1.0,u4,3,5
2013-12-03 08:00:00,1,5,3,1,2.9375,3.0625,1,1.0625,u4,3,5
2013-12-03 14:00:00,1,5,5,1,2.8333333333333335,3.0,1,1.0,u4,2,5
2013-12-03 16:00:00,1,5,5,1,3.0,3.0,1,1.0,u4,1,5
2013-12-04 08:00:00,1,5,5,4,3.0,3.4375,1,1.1875,u4,1,5
2013-12-04 13:00:00,1,5,5,2,3.0,3.2,1,1.0,u4,2,5
2013-12-04 16:00:00,1,5,3,1,3.0,4.0,1,1.0,u4,1,5
2013-12-05 08:00:00,1,5,1,3,3.0,3.4375,1,1.4375,u4,3,5
2013-12-05 13:00:00,1,5,5,5,3.0,3.2,1,1.0,u4,2,5
2013-12-05 16:00:00,1,5,3,1,3.0,3.0,1,1.0,u4,2,5
2013-12-10 08:00:00,3,4,2,5,2.8839285714285716,3.169642857142857,1,1.2767857142857142,u4,1,5
2013-12-10 13:00:00,1,4,5,3,3.2,3.2,1,1.0,u4,3,5
2013-12-10 16:00:00,1,4,5,1,3.3333333333333335,3.6666666666666665,1,1.0,u4,2,5
2013-12-11 09:00:00,1,5,3,1,2.8823529411764706,4.0588235294117645,1,1.0,u4,5,5
2013-12-11 13:00:00,1,5,3,3,3.0,3.5,1,1.0,u4,2,5
2013-12-11 16:00:00,1,5,1,1,3.0,3.6666666666666665,1,1.0,u4,1,5
2013-12-12 08:00:00,1,5,3,1,2.9375,4.0,1,1.0,u4,5,5
2013-12-12 11:00:00,1,5,4,1,2.6666666666666665,3.6666666666666665,1,1.0,u4,1,5
2013-12-12 16:00:00,1,5,1,1,3.0,2.6,1,1.0,u4,1,5
2013-12-13 09:00:00,1,5,4,1,3.0,3.8823529411764706,1,1.0,u4,2,5
2013-12-13 13:00:00,1,5,4,1,3.0,2.75,1,1.0,u4,1,5
2013-12-13 17:00:00,1,5,1,1,3.0,3.0,1,1.0,u4,1,5
2013-12-16 08:00:00,1,5,1,5,2.888888888888889,3.7301587301587302,1,1.0952380952380953,u4,1,5
2013-12-16 13:00:00,2,5,4,4,2.8,3.4,1,1.0,u4,2,5
2013-12-16 16:00:00,1,5,5,1,3.0,3.0,1,1.0,u4,1,5
2013-12-17 08:00:00,1,5,3,3,3.0,3.875,1,1.0,u4,1,5
2013-12-17 13:00:00,2,5,5,2,3.0,3.6,1,1.0,u4,2,5
2013-12-17 16:00:00,1,5,4,2,3.0,3.0,1,1.0,u4,1,5
2013-12-18 08:00:00,1,4,4,3,3.0,3.5,1,1.1875,u4,2,5
2013-12-18 13:00:00,1,4,4,5,3.0,2.8,1,2.0,u4,1,5
2013-12-18 16:00:00,1,4,4,1,3.0,3.0,1,2.0,u4,1,5
2013-12-19 08:00:00,1,5,3,3,2.9375,3.375,1,1.5625,u4,4,5
2013-12-19 13:00:00,1,5,5,5,3.0,4.0,1,5.0,u4,2,5
2013-12-19 16:00:00,1,5,5,5,3.0,4.666666666666667,1,5.0,u4,1,5
2013-12-20 08:00:00,1,4,2,2,3.0,5.0,1,4.6875,u4,2,5
2013-12-20 13:00:00,1,4,3,3,3.0,5.0,1,5.0,u4,1,5
2013-12-20 16:00:00,1,4,4,1,3.0,5.0,1,5.0,u4,1,5
2013-11-11 09:00:00,1,4,2,4,2.111111111111111,3.0,1,3.7777777777777777,u5,1,2
2013-11-11 13:00:00,1,4,3,2,3.0,2.0,1,3.0,u5,1,2
2013-11-11 16:00:00,2,4,4,2,3.0,2.0,1,2.6666666666666665,u5,1,2
2013-11-12 09:00:00,3,1,4,4,3.0,2.2941176470588234,1,2.823529411764706,u5,1,2
2013-11-12 13:00:00,3,1,3,5,3.5,3.0,1,2.25,u5,1,2
2013-11-12 16:00:00,2,1,4,5,4.0,3.0,1,1.0,u5,1,2
2013-11-13 09:00:00,2,2,2,5,3.1176470588235294,4.117647058823529,1,2.4705882352941178,u5,1,2
2013-11-13 13:00:00,2,2,5,4,3.75,3.25,1,2.0,u5,1,2
2013-11-13 16:00:00,2,2,4,4,4.0,3.0,1,1.3333333333333333,u5,1,2
2013-11-14 09:00:00,3,3,4,5,3.2941176470588234,4.352941176470588,1,4.647058823529412,u5,1,2
2013-11-14 13:00:00,2,3,3,3,3.0,4.5,1,5.0,u5,1,2
2013-11-14 16:00:00,3,3,3,3,3.0,5.0,1,5.0,u5,1,2
2013-11-15 08:00:00,3,2,4,5,3.0,5.0,1,5.0,u5,1,2
2013-11-15 13:00:00,3,2,5,2,3.0,5.0,1,5.0,u5,1,2
2013-11-15 16:00:00,3,2,4,5,3.0,5.0,1,5.0,u5,1,2
2013-11-18 12:00:00,1,3,3,2,2.838235294117647,4.661764705882353,1,2.926470588235294,u5,2,2
2013-11-18 13:00:00,1,3,2,5,3.0,4.0,1,5.0,u5,1,2
2013-11-18 16:00:00,2,3,3,4,3.0,4.333333333333333,1,5.0,u5,1,2
2013-11-19 08:00:00,1,4,3,3,3.0,4.625,1,5.0,u5,1,2
2013-11-19 13:00:00,2,4,3,4,3.0,5.0,1,5.0,u5,2,2
2013-11-19 16:00:00,1,4,4,2,3.0,5.0,1,5.0,u5,1,2
2013-11-20 08:00:00,3,2,3,5,3.0,5.0,1,5.0,u5,1,2
2013-11-20 13:00:00,2,2,4,5,3.0,4.8,1,3.6,u5,1,2
2013-11-20 16:00:00,3,2,4,5,3.0,5.0,1,5.0,u5,1,2
2013-11-21 08:00:00,3,2,5,3,2.6875,5.0,1,3.8125,u5,1,2
2013-11-21 13:00:00,3,2,4,5,2.8,5.0,1,5.0,u5,1,2
2013-11-21 16:00:00,3,2,5,3,3.0,5.0,1,5.0,u5,1,2
2013-11-22 09:00:00,3,3,4,5,2.0588235294117645,5.0,2,4.9411764705882355,u5,1,2
2013-11-22 13:00:00,3,3,4,4,2.75,3.5,1,4.0,u5,1,2
2013-11-22 16:00:00,3,3,5,5,2.6666666666666665,3.3333333333333335,1,4.333333333333333,u5,1,2
2013-11-25 08:00:00,2,4,4,4,2.703125,3.953125,2,4.203125,u5,1,2
2013-11-25 13:00:00,2,4,4,4,2.6,2.6,1,1.0,u5,1,2
2013-11-25 16:00:00,2,4,4,5,2.6666666666666665,2.0,1,1.0,u5,1,2
2013-11-26 08:00:00,2,1,4,5,2.125,1.3125,1,1.0,u5,2,2
2013-11-26 13:00:00,2,1,4,3,2.0,2.0,1,1.0,u5,1,2
2013-11-26 16:00:00,2,1,4,3,2.6666666666666665,1.3333333333333333,1,1.0,u5,1,2
2013-11-27 08:00:00,2,2,4,3,2.0,1.5,1,1.625,u5,2,2
2013-11-27 13:00:00,3,2,4,5,2.4,1.4,1,2.6,u5,1,2
2013-11-27 16:00:00,3,2,4,4,3.0,1.3333333333333333,1,2.3333333333333335,u5,1,2
2013-11-28 08:00:00,1,3,4,3,2.4375,2.9375,1,1.4375,u5,1,2
2013-11-28 13:00:00,2,3,3,4,2.6,3.2,1,1.0,u5,1,2
2013-11-28 16:00:00,2,3,4,5,3.0,3.0,1,1.0,u5,1,2
2013-11-29 08:00:00,2,3,3,3,2.375,3.8125,1,1.0,u5,1,2
2013-11-29 13:00:00,3,3,4,4,2.8,3.4,1,1.0,u5,1,2
2013-11-29 16:00:00,3,3,5,5,3.0,4.0,1,1.0,u5,1,2
2013-12-02 10:00:00,2,3,3,5,2.696969696969697,3.106060606060606,1,2.5,u5,2,2
2013-12-02 13:00:00,2,3,4,3,3.0,2.0,1,1.0,u5,1,2
2013-12-02 16:00:00,2,3,5,4,3.0,2.6666666666666665,1,1.0,u5,1,2
2013-12-03 10:00:00,2,2,4,4,2.888888888888889,3.1666666666666665,1,1.0555555555555556,u5,2,2
2013-12-03 14:00:00,1,2,3,3,3.0,2.5,1,1.0,u5,1,2
2013-12-03 16:00:00,2,2,4,5,3.0,3.0,1,1.0,u5,1,2
2013-12-04 08:00:00,2,2,4,3,3.0,3.4375,1,1.1875,u5,5,2
2013-12-04 13:00:00,2,2,5,3,3.0,3.2,1,1.0,u5,1,2
2013-12-04 16:00:00,2,2,5,5,3.0,4.0,1,1.0,u5,1,2
2013-12-05 08:00:00,2,2,3,5,3.0,3.4375,1,1.4375,u5,1,2
2013-12-05 13:00:00,1,2,2,4,3.0,3.2,1,1.0,u5,1,2
2013-12-05 16:00:00,3,2,5,5,3.0,3.0,1,1.0,u5,1,2
2013-12-06 11:00:00,3,2,4,5,3.0,3.473684210526316,1,1.0526315789473684,u5,2,2
2013-12-06 13:00:00,3,2,5,5,3.0,2.0,1,1.0,u5,1,2
2013-12-06 16:00:00,3,2,5,5,3.0,2.0,1,1.0,u5,1,2
2013-12-09 09:00:00,1,1,4,3,2.8,3.276923076923077,1,1.2153846153846153,u5,3,2
2013-12-09 13:00:00,2,1,5,3,3.0,3.5,1,2.0,u5,1,2
2013-12-09 16:00:00,3,1,5,4,3.0,3.3333333333333335,1,2.3333333333333335,u5,1,2
2013-12-10 08:00:00,2,3,4,4,3.0,2.625,1,1.5,u5,1,2
2013-12-10 13:00:00,2,3,5,4,3.2,3.2,1,1.0,u5,1,2
2013-12-10 16:00:00,2,3,4,5,3.3333333333333335,3.6666666666666665,1,1.0,u5,1,2
2013-12-11 08:00:00,1,2,2,2,2.9375,4.0625,1,1.0,u5,1,2
2013-12-11 13:00:00,2,2,1,2,2.8,3.6,1,1.0,u5,1,2
2013-12-11 17:00:00,2,2,5,4,3.0,3.75,1,1.0,u5,1,2
2013-12-12 08:00:00,2,2,4,4,2.933333333333333,4.0,1,1.0,u5,1,2
2013-12-12 13:00:00,3,2,5,5,2.8,3.0,1,1.0,u5,1,2
2013-12-12 16:00:00,3,2,4,5,3.0,3.0,1,1.0,u5,1,2
2013-12-13 10:00:00,3,1,5,5,3.0,3.888888888888889,1,1.0,u5,2,2
2013-12-13 13:00:00,2,1,4,4,3.0,2.3333333333333335,1,1.0,u5,1,2
2013-12-13 16:00:00,3,1,4,5,3.0,3.0,1,1.0,u5,1,2
2013-12-16 10:00:00,2,4,5,5,2.878787878787879,3.727272727272727,1,1.0909090909090908,u5,4,2
2013-12-16 13:00:00,1,4,2,3,3.0,3.0,1,1.0,u5,1,2
2013-12-16 16:00:00,2,4,3,3,3.0,3.0,1,1.0,u5,1,2
2013-12-17 08:00:00,2,1,5,5,3.0,3.875,1,1.0,u5,2,2
2013-12-17 13:00:00,2,1,2,3,3.0,3.6,1,1.0,u5,1,2
2013-12-17 18:00:00,1,1,5,5,3.0,3.2,1,1.0,u5,1,2
2013-11-15 11:00:00,3,3,5,3,3.0,5.0,1,5.0,u7,1,2
2013-11-15 13:00:00,3,3,5,4,3.0,5.0,1,5.0,u7,1,2
2013-11-18 08:00:00,3,4,5,3,2.8358208955223883,4.686567164179104,1,2.8955223880597014,u7,2,2
2013-11-18 14:00:00,3,4,5,4,3.0,4.333333333333333,1,5.0,u7,2,2
2013-11-18 16:00:00,3,4,5,4,3.0,4.5,1,5.0,u7,1,2
2013-11-19 08:00:00,3,1,5,4,3.0,4.625,1,5.0,u7,1,2
2013-11-19 13:00:00,3,1,5,5,3.0,5.0,1,5.0,u7,2,2
2013-11-19 16:00:00,3,1,5,4,3.0,5.0,1,5.0,u7,1,2
2013-11-20 09:00:00,2,5,3,4,3.0,5.0,1,4.882352941176471,u7,1,2
2013-11-20 13:00:00,2,5,3,4,3.0,4.75,1,3.75,u7,2,2
2013-11-20 16:00:00,2,5,5,4,3.0,5.0,1,5.0,u7,1,2
2013-11-21 10:00:00,2,5,5,3,2.6666666666666665,5.0,1,3.9444444444444446,u7,2,2
2013-11-21 13:00:00,2,5,5,3,3.0,5.0,1,5.0,u7,1,2
2013-11-21 16:00:00,2,5,5,2,3.0,5.0,1,5.0,u7,1,2
2013-11-22 08:00:00,2,2,5,3,2.0625,5.0,1,4.9375,u7,1,2
2013-11-22 13:00:00,2,2,5,3,2.6,3.8,1,4.2,u7,2,2
2013-11-22 14:00:00,3,2,5,5,2.0,4.0,1,4.0,u7,1,2
2013-11-22 16:00:00,2,2,5,3,3.0,3.0,1,4.5,u7,1,2
2013-11-25 08:00:00,1,5,3,4,2.703125,3.953125,2,4.203125,u7,4,2
2013-11-25 13:00:00,2,5,4,3,2.6,2.6,1,1.0,u7,2,2
2013-11-25 16:00:00,3,5,5,3,2.6666666666666665,2.0,1,1.0,u7,2,2
2013-11-26 08:00:00,1,5,5,3,2.125,1.3125,1,1.0,u7,1,2
2013-11-26 11:00:00,2,5,4,3,2.0,2.0,1,1.0,u7,1,2
2013-11-26 13:00:00,2,5,4,3,2.0,2.0,1,1.0,u7,1,2
2013-11-26 16:00:00,2,5,3,3,2.6666666666666665,1.3333333333333333,1,1.0,u7,1,2
2013-11-27 08:00:00,1,5,4,3,2.0,1.5,1,1.625,u7,2,2
2013-11-27 13:00:00,1,5,4,3,2.4,1.4,1,2.6,u7,2,2
2013-11-27 17:00:00,2,5,5,3,3.0,1.5,1,2.5,u7,2,2
2013-11-28 08:00:00,2,5,4,3,2.4,3.0,1,1.3333333333333333,u7,1,2
2013-11-28 14:00:00,3,5,4,3,2.6666666666666665,3.1666666666666665,1,1.0,u7,2,2
2013-11-28 18:00:00,3,5,5,3,3.0,3.0,1,1.0,u7,2,2
2013-11-29 09:00:00,3,4,5,3,2.2666666666666666,3.933333333333333,1,1.0,u7,1,2
2013-11-29 13:00:00,3,4,4,3,3.0,3.25,1,1.0,u7,1,2
2013-11-29 16:00:00,3,4,4,3,3.0,4.0,1,1.0,u7,1,2
2013-12-02 09:00:00,2,5,5,4,2.6923076923076925,3.123076923076923,1,2.523076923076923,u7,5,2
2013-12-02 13:00:00,3,5,5,3,3.0,2.0,1,1.0,u7,1,2
2013-12-02 16:00:00,3,5,5,3,3.0,2.6666666666666665,1,1.0,u7,1,2
2013-12-03 08:00:00,1,5,5,3,2.9375,3.0625,1,1.0625,u7,2,2
2013-12-03 14:00:00,3,5,5,3,2.8333333333333335,3.0,1,1.0,u7,2,2
2013-12-03 16:00:00,3,5,5,3,3.0,3.0,1,1.0,u7,1,2
2013-12-04 08:00:00,1,5,5,3,3.0,3.4375,1,1.1875,u7,1,2
2013-12-04 13:00:00,1,5,5,3,3.0,3.2,1,1.0,u7,2,2
2013-12-04 17:00:00,2,5,5,3,3.0,4.0,1,1.0,u7,1,2
2013-12-05 08:00:00,1,5,5,3,3.0,3.4,1,1.4666666666666666,u7,1,2
2013-12-05 13:00:00,1,5,5,3,3.0,3.2,1,1.0,u7,1,2
2013-12-06 08:00:00,1,5,5,4,3.0,3.473684210526316,1,1.0,u7,2,2
2013-12-06 13:00:00,2,5,5,3,3.0,2.6,1,1.2,u7,2,2
2013-12-06 16:00:00,2,5,5,3,3.0,2.0,1,1.0,u7,2,2
2013-12-09 08:00:00,1,5,5,3,2.8125,3.265625,1,1.203125,u7,3,2
2013-12-09 13:00:00,1,5,5,4,2.8,3.6,1,2.0,u7,2,2
2013-12-09 16:00:00,2,5,5,5,3.0,3.3333333333333335,1,2.3333333333333335,u7,1,2
2013-12-10 08:00:00,1,5,5,5,3.0,2.625,1,1.5,u7,1,2
2013-12-10 13:00:00,2,5,5,5,3.2,3.2,1,1.0,u7,2,2
2013-12-10 16:00:00,2,5,4,5,3.3333333333333335,3.6666666666666665,1,1.0,u7,1,2
2013-12-11 08:00:00,2,5,5,4,2.9375,4.0625,1,1.0,u7,1,2
2013-12-11 13:00:00,3,5,5,4,2.8,3.6,1,1.0,u7,2,2
2013-12-11 16:00:00,3,5,5,3,3.0,3.6666666666666665,1,1.0,u7,2,2
2013-12-12 08:00:00,2,5,5,3,2.9375,4.0,1,1.0,u7,1,2
2013-12-12 13:00:00,1,5,5,3,2.8,3.0,1,1.0,u7,2,2
2013-12-12 16:00:00,2,5,5,3,3.0,3.0,1,1.0,u7,1,2
2013-12-13 09:00:00,1,5,5,3,3.0,3.8823529411764706,1,1.0,u7,1,2
2013-12-13 13:00:00,2,5,5,3,3.0,2.75,1,1.0,u7,1,2
2013-12-13 16:00:00,3,5,5,5,3.0,3.0,1,1.0,u7,1,2
2013-12-16 08:00:00,1,5,5,4,2.890625,3.71875,1,1.09375,u7,5,2
2013-12-16 13:00:00,3,5,5,4,2.8,3.4,1,1.0,u7,1,2
2013-12-16 16:00:00,2,5,5,4,3.0,3.0,1,1.0,u7,1,2
2013-12-17 08:00:00,1,5,5,3,3.0,3.875,1,1.0,u7,1,2
2013-12-17 13:00:00,2,5,5,3,3.0,3.6,1,1.0,u7,2,2
2013-12-18 09:00:00,2,5,5,3,3.0,3.4,1,1.2,u7,2,2
2013-12-18 13:00:00,3,5,5,3,3.0,2.75,1,2.0,u7,2,2
2013-12-18 16:00:00,3,5,5,3,3.0,3.0,1,2.0,u7,1,2
2013-12-19 08:00:00,2,5,5,3,2.9375,3.375,1,1.5625,u7,1,2
2013-12-19 13:00:00,2,5,5,3,3.0,4.0,1,5.0,u7,1,2
2013-12-19 16:00:00,1,5,3,3,3.0,4.666666666666667,1,5.0,u7,1,2
2013-11-08 08:00:00,1,4,4,1,3.0,5.0,1,5.0,u9,1,2
2013-11-08 13:00:00,1,4,4,1,3.4,4.6,1,5.0,u9,1,2
2013-11-08 16:00:00,2,4,5,1,4.0,4.333333333333333,1,5.0,u9,1,2
2013-11-11 08:00:00,1,1,2,3,2.875,4.546875,1,4.140625,u9,1,2
2013-11-11 13:00:00,1,1,1,1,3.0,2.2,1,3.0,u9,2,2
2013-11-11 16:00:00,1,1,1,1,3.0,2.0,1,2.6666666666666665,u9,1,2
2013-11-12 08:00:00,1,4,3,2,3.0,2.25,1,2.8125,u9,3,2
2013-11-12 13:00:00,2,4,4,2,3.4,3.0,1,2.4,u9,1,2
2013-11-13 09:00:00,2,3,4,2,3.25,3.95,1,2.25,u9,3,2
2013-11-13 13:00:00,2,3,4,4,3.75,3.25,1,2.0,u9,1,2
2013-11-13 16:00:00,3,3,3,4,4.0,3.0,1,1.3333333333333333,u9,1,2
2013-11-14 08:00:00,2,4,4,3,3.3125,4.3125,1,4.625,u9,4,2
2013-11-14 14:00:00,2,4,4,4,3.0,4.666666666666667,1,5.0,u9,1,2
2013-11-14 17:00:00,2,4,5,3,3.0,5.0,1,5.0,u9,1,2
2013-11-15 08:00:00,1,3,1,4,3.0,5.0,1,5.0,u9,2,2
2013-11-15 13:00:00,2,3,3,1,3.0,5.0,1,5.0,u9,1,2
2013-11-15 18:00:00,2,3,4,1,3.0,5.0,1,5.0,u9,1,2
2013-11-18 08:00:00,1,4,2,1,2.8225806451612905,4.661290322580645,1,2.725806451612903,u9,1,2
2013-11-18 13:00:00,2,4,3,1,3.0,4.4,1,5.0,u9,1,2
2013-11-18 17:00:00,2,4,4,3,3.0,4.25,1,5.0,u9,1,2
2013-11-19 08:00:00,1,1,5,5,3.0,4.666666666666667,1,5.0,u9,1,2
2013-11-19 13:00:00,1,1,4,5,3.0,5.0,1,5.0,u9,1,2
2013-11-19 16:00:00,1,1,1,5,3.0,5.0,1,5.0,u9,1,2
2013-11-20 09:00:00,1,5,1,5,3.0,5.0,1,4.882352941176471,u9,2,2
2013-11-20 14:00:00,1,5,1,5,3.0,4.8,1,4.0,u9,1,2
2013-11-20 16:00:00,1,5,2,5,3.0,5.0,1,5.0,u9,1,2
2013-11-21 08:00:00,1,2,1,5,2.6875,5.0,1,3.8125,u9,1,2
2013-11-21 14:00:00,1,2,1,5,2.8333333333333335,5.0,1,5.0,u9,2,2
2013-11-21 16:00:00,1,2,1,5,3.0,5.0,1,5.0,u9,1,2
2013-11-22 09:00:00,2,4,4,2,2.0588235294117645,5.0,2,4.9411764705882355,u9,3,2
2013-11-22 14:00:00,2,4,4,5,2.6,3.6,1,4.0,u9,3,2
2013-11-22 16:00:00,3,4,4,5,3.0,3.0,1,4.5,u9,1,2
2013-11-25 08:00:00,1,2,3,1,2.703125,3.953125,2,4.203125,u9,5,2
2013-11-25 13:00:00,2,2,4,2,2.6,2.6,1,1.0,u9,1,2
2013-11-25 16:00:00,1,2,2,1,2.6666666666666665,2.0,1,1.0,u9,1,2
2013-11-26 11:00:00,2,3,4,4,2.1052631578947367,1.4210526315789473,1,1.0,u9,1,2
2013-11-26 13:00:00,3,3,5,5,2.0,2.0,1,1.0,u9,1,2
2013-11-26 16:00:00,1,3,2,2,2.6666666666666665,1.3333333333333333,1,1.0,u9,1,2
2013-11-27 08:00:00,1,3,4,4,2.0,1.5,1,1.625,u9,2,2
2013-11-27 13:00:00,2,3,4,5,2.4,1.4,1,2.6,u9,1,2
2013-11-27 17:00:00,2,3,4,5,3.0,1.5,1,2.5,u9,1,2
2013-11-28 08:00:00,1,4,2,5,2.4,3.0,1,1.3333333333333333,u9,1,2
2013-11-28 13:00:00,3,4,4,5,2.6,3.2,1,1.0,u9,1,2
2013-11-28 16:00:00,1,4,4,2,3.0,3.0,1,1.0,u9,1,2
2013-11-29 08:00:00,2,4,3,3,2.375,3.8125,1,1.0,u9,1,2
2013-11-29 12:00:00,2,3,4,2,2.75,3.5,1,1.0,u9,1,2
2013-11-29 16:00:00,2,3,3,1,3.0,3.75,1,1.0,u9,1,2
2013-12-02 08:00:00,2,4,5,2,2.6875,3.140625,1,2.546875,u9,1,2
2013-12-02 13:00:00,2,4,5,3,3.0,2.0,1,1.0,u9,4,2
2013-12-02 16:00:00,2,4,5,4,3.0,2.6666666666666665,1,1.0,u9,2,2
2013-12-03 08:00:00,1,3,5,4,2.9375,3.0625,1,1.0625,u9,1,2
2013-12-03 13:00:00,2,3,4,5,2.8,3.0,1,1.0,u9,1,2
2013-12-03 16:00:00,3,3,5,3,3.0,3.0,1,1.0,u9,2,2
2013-12-04 08:00:00,2,3,4,5,3.0,3.4375,1,1.1875,u9,2,2
2013-12-04 14:00:00,2,3,4,3,3.0,3.3333333333333335,1,1.0,u9,3,2
2013-12-04 16:00:00,3,3,4,5,3.0,4.0,1,1.0,u9,1,2
2013-12-05 08:00:00,1,2,3,2,3.0,3.4375,1,1.4375,u9,3,2
2013-12-05 13:00:00,3,2,4,5,3.0,3.2,1,1.0,u9,1,2
2013-12-05 16:00:00,2,2,4,3,3.0,3.0,1,1.0,u9,1,2
2013-12-06 08:00:00,3,2,4,3,3.0,3.5625,1,1.0,u9,1,2
2013-12-06 13:00:00,3,2,5,2,3.0,2.6,1,1.2,u9,1,2
2013-12-06 16:00:00,3,2,5,4,3.0,2.0,1,1.0,u9,3,2
2013-12-09 08:00:00,1,4,3,2,2.8125,3.265625,1,1.203125,u9,3,2
2013-12-09 13:00:00,2,4,4,3,2.8,3.6,1,2.0,u9,2,2
2013-12-09 16:00:00,2,4,2,2,3.0,3.3333333333333335,1,2.3333333333333335,u9,1,2
2013-12-10 08:00:00,1,2,4,3,3.0,2.625,1,1.5,u9,1,2
2013-12-10 13:00:00,1,2,3,2,3.2,3.2,1,1.0,u9,2,2
2013-12-10 16:00:00,1,2,3,3,3.3333333333333335,3.6666666666666665,1,1.0,u9,2,2
2013-12-11 08:00:00,1,4,2,2,2.9375,4.0625,1,1.0,u9,1,2
2013-12-11 13:00:00,1,4,3,1,2.8,3.6,1,1.0,u9,1,2
2013-12-11 16:00:00,2,4,5,2,3.0,3.6666666666666665,1,1.0,u9,1,2
2013-12-12 08:00:00,2,3,4,2,2.9375,4.0,1,1.0,u9,1,2
2013-12-13 08:00:00,1,4,3,2,2.9583333333333335,3.5833333333333335,1,1.0,u9,1,2
2013-12-13 13:00:00,2,4,4,3,3.0,3.0,1,1.0,u9,1,2
2013-12-13 17:00:00,3,4,5,5,3.0,3.0,1,1.0,u9,1,2
2013-12-16 08:00:00,2,2,3,3,2.888888888888889,3.7301587301587302,1,1.0952380952380953,u9,1,2
2013-12-16 13:00:00,3,2,4,3,2.8,3.4,1,1.0,u9,1,2
2013-12-16 16:00:00,2,2,4,3,3.0,3.0,1,1.0,u9,1,2
2013-12-17 08:00:00,1,4,3,4,3.0,3.875,1,1.0,u9,1,2
2013-12-17 13:00:00,2,4,5,4,3.0,3.6,1,1.0,u9,1,2
2013-12-17 16:00:00,3,4,4,2,3.0,3.0,1,1.0,u9,1,2
2013-12-18 08:00:00,1,2,3,2,3.0,3.5,1,1.1875,u9,1,2
2013-12-18 13:00:00,3,2,4,3,3.0,2.8,1,2.0,u9,1,2
2013-12-18 16:00:00,2,2,3,3,3.0,3.0,1,2.0,u9,1,2
2013-12-19 08:00:00,1,4,2,4,2.9375,3.375,1,1.5625,u9,1,2
2013-12-19 13:00:00,1,4,2,4,3.0,4.0,1,5.0,u9,2,2
2013-12-19 16:00:00,2,4,5,4,3.0,4.666666666666667,1,5.0,u9,2,2
2013-12-20 08:00:00,2,2,4,4,3.0,5.0,1,4.6875,u9,1,2
2013-12-20 13:00:00,2,2,5,5,3.0,5.0,1,5.0,u9,1,2
2013-12-20 16:00:00,3,2,5,5,3.0,5.0,1,5.0,u9,1,2
2013-11-08 09:00:00,2,2,3,2,3.0,5.0,1,5.0,u10,1,2
2013-11-08 13:00:00,1,2,2,1,3.5,4.5,1,5.0,u10,2,2
2013-11-08 16:00:00,1,2,2,3,4.0,4.333333333333333,1,5.0,u10,2,2
2013-11-11 09:00:00,1,4,1,1,2.876923076923077,4.523076923076923,1,4.123076923076923,u10,4,2
2013-11-11 15:00:00,1,4,1,2,3.0,2.0,1,3.0,u10,2,2
2013-11-11 16:00:00,1,4,2,2,3.0,2.0,1,2.0,u10,1,2
2013-11-12 09:00:00,1,4,2,1,3.0,2.2941176470588234,1,2.823529411764706,u10,1,2
2013-11-12 13:00:00,2,4,2,2,3.5,3.0,1,2.25,u10,2,2
2013-11-12 17:00:00,2,4,2,3,4.0,3.0,1,1.0,u10,2,2
2013-11-13 09:00:00,3,1,3,4,3.0625,4.1875,1,2.5625,u10,1,2
2013-11-13 13:00:00,1,1,3,3,3.75,3.25,1,2.0,u10,2,2
2013-11-13 16:00:00,1,1,2,2,4.0,3.0,1,1.3333333333333333,u10,3,2
2013-11-14 09:00:00,1,3,2,3,3.2941176470588234,4.352941176470588,1,4.647058823529412,u10,1,2
2013-11-14 16:00:00,2,3,3,3,3.0,4.714285714285714,1,5.0,u10,2,2
2013-11-15 08:00:00,1,3,2,2,3.0,5.0,1,5.0,u10,1,2
2013-11-15 10:00:00,2,2,1,2,3.0,5.0,1,5.0,u10,1,2
2013-11-15 14:00:00,1,2,1,2,3.0,5.0,1,5.0,u10,2,2
2013-11-15 16:00:00,1,2,1,1,3.0,5.0,1,5.0,u10,1,2
2013-11-15 17:00:00,1,2,1,1,3.0,5.0,1,5.0,u10,1,2
2013-11-18 08:00:00,2,2,2,2,2.8253968253968256,4.666666666666667,1,2.761904761904762,u10,4,2
2013-11-18 16:00:00,2,2,2,2,3.0,4.375,1,5.0,u10,5,2
2013-11-19 08:00:00,2,3,1,2,3.0,4.625,1,5.0,u10,1,2
2013-11-19 16:00:00,2,3,2,2,3.0,5.0,1,5.0,u10,2,2
2013-11-20 08:00:00,2,3,2,2,3.0,5.0,1,5.0,u10,1,2
2013-11-20 13:00:00,2,3,3,2,3.0,4.8,1,3.6,u10,2,2
2013-11-20 16:00:00,1,3,3,2,3.0,5.0,1,5.0,u10,1,2
2013-11-21 08:00:00,2,3,2,2,2.6875,5.0,1,3.8125,u10,1,2
2013-11-21 16:00:00,2,3,4,4,2.875,5.0,1,5.0,u10,3,2
2013-11-22 09:00:00,2,4,3,2,2.0588235294117645,5.0,2,4.9411764705882355,u10,1,2
2013-11-22 11:00:00,1,3,3,3,2.5,4.0,1,4.5,u10,2,2
2013-11-22 13:00:00,2,3,1,2,3.0,3.0,1,3.5,u10,1,2
2013-11-22 16:00:00,2,3,3,1,2.6666666666666665,3.3333333333333335,1,4.333333333333333,u10,1,2
2013-11-25 08:00:00,3,4,1,2,2.703125,3.953125,2,4.203125,u10,2,2
2013-11-25 16:00:00,2,4,2,2,2.625,2.375,1,1.0,u10,4,2
2013-11-26 08:00:00,1,3,3,2,2.125,1.3125,1,1.0,u10,1,2
2013-11-26 13:00:00,1,3,2,3,2.0,2.0,1,1.0,u10,1,2
2013-11-26 17:00:00,3,3,3,3,2.5,1.25,1,1.0,u10,2,2
2013-11-27 08:00:00,2,3,2,2,2.0,1.5333333333333334,1,1.6666666666666667,u10,1,2
2013-11-27 13:00:00,1,3,1,1,2.4,1.4,1,2.6,u10,1,2
2013-11-27 16:00:00,1,3,2,2,3.0,1.3333333333333333,1,2.3333333333333335,u10,1,2
2013-11-28 08:00:00,2,2,3,3,2.4375,2.9375,1,1.4375,u10,1,2
2013-11-28 13:00:00,2,2,3,3,2.6,3.2,1,1.0,u10,2,2
2013-11-28 16:00:00,2,2,3,2,3.0,3.0,1,1.0,u10,2,2
2013-11-29 08:00:00,1,4,2,2,2.375,3.8125,1,1.0,u10,1,2
2013-11-29 13:00:00,3,4,4,4,2.8,3.4,1,1.0,u10,1,2
2013-11-29 16:00:00,3,4,3,5,3.0,4.0,1,1.0,u10,1,2
2013-12-02 08:00:00,2,2,2,3,2.6875,3.140625,1,2.546875,u10,4,2
2013-12-02 13:00:00,2,2,3,2,3.0,2.0,1,1.0,u10,3,2
2013-12-02 17:00:00,2,2,3,2,3.0,2.75,1,1.0,u10,2,2
2013-12-03 12:00:00,2,3,3,1,2.8947368421052633,3.1052631578947367,1,1.0526315789473684,u10,3,2
2013-12-03 13:00:00,2,3,3,4,3.0,2.0,1,1.0,u10,1,2
2013-12-03 16:00:00,2,3,3,2,3.0,3.0,1,1.0,u10,2,2
2013-12-04 11:00:00,1,3,1,2,3.0,3.4210526315789473,1,1.1578947368421053,u10,2,2
2013-12-04 18:00:00,3,3,4,4,3.0,3.7142857142857144,1,1.0,u10,2,2
2013-12-05 09:00:00,3,1,3,3,3.0,3.3333333333333335,1,1.4666666666666666,u10,1,2
2013-12-06 08:00:00,3,1,3,4,3.0,3.4347826086956523,1,1.0,u10,3,2
2013-12-06 14:00:00,2,1,4,4,3.0,2.5,1,1.1666666666666667,u10,3,2
2013-12-06 16:00:00,3,1,2,4,3.0,2.0,1,1.0,u10,1,2
2013-12-09 10:00:00,2,4,1,2,2.803030303030303,3.287878787878788,1,1.2272727272727273,u10,5,2
2013-12-09 13:00:00,3,4,4,5,3.0,3.3333333333333335,1,2.0,u10,1,2
2013-12-09 16:00:00,2,4,2,1,3.0,3.3333333333333335,1,2.3333333333333335,u10,1,2
2013-12-10 09:00:00,1,3,1,3,3.0,2.6470588235294117,1,1.4705882352941178,u10,1,2
2013-12-10 13:00:00,3,3,4,2,3.25,3.25,1,1.0,u10,5,2
2013-12-10 17:00:00,3,3,4,5,3.25,3.75,1,1.0,u10,2,2
2013-12-11 08:00:00,3,1,3,3,2.933333333333333,4.066666666666666,1,1.0,u10,1,2
2013-12-11 16:00:00,3,1,3,2,2.875,3.625,1,1.0,u10,1,2
2013-12-12 08:00:00,3,1,3,4,2.9375,4.0,1,1.0,u10,1,2
2013-12-12 13:00:00,3,1,2,4,2.8,3.0,1,1.0,u10,2,2
2013-12-12 17:00:00,3,1,5,2,3.0,3.0,1,1.0,u10,1,2
2013-12-13 08:00:00,3,1,4,3,3.0,3.933333333333333,1,1.0,u10,1,2
2013-12-13 13:00:00,3,1,3,3,3.0,3.0,1,1.0,u10,3,2
2013-12-13 16:00:00,3,1,4,3,3.0,3.0,1,1.0,u10,2,2
2013-12-16 08:00:00,3,3,3,3,2.890625,3.71875,1,1.09375,u10,1,2
2013-12-16 13:00:00,3,3,3,3,2.8,3.4,1,1.0,u10,1,2
2013-12-16 16:00:00,3,3,5,5,3.0,3.0,1,1.0,u10,1,2
2013-12-17 08:00:00,3,2,1,2,3.0,3.875,1,1.0,u10,1,2
2013-12-17 13:00:00,2,2,3,3,3.0,3.6,1,1.0,u10,2,2
2013-12-17 16:00:00,3,2,3,2,3.0,3.0,1,1.0,u10,2,2
2013-12-18 09:00:00,2,2,3,2,3.0,3.4705882352941178,1,1.2352941176470589,u10,1,2
2013-12-18 15:00:00,3,2,3,3,3.0,2.8333333333333335,1,2.0,u10,2,2
2013-12-18 16:00:00,2,2,2,3,3.0,3.0,1,2.0,u10,1,2
2013-12-19 08:00:00,2,3,2,2,2.9375,3.375,1,1.5625,u10,1,2
2013-12-19 13:00:00,2,3,2,1,3.0,4.0,1,5.0,u10,2,2
2013-12-19 16:00:00,2,3,1,1,3.0,4.666666666666667,1,5.0,u10,2,2
2013-12-20 08:00:00,2,3,3,3,3.0,5.0,1,4.6875,u10,1,2
2013-12-20 13:00:00,3,3,4,3,3.0,5.0,1,5.0,u10,2,2
2013-12-20 16:00:00,2,3,2,3,3.0,5.0,1,5.0,u10,2,2
2013-11-08 09:00:00,3,2,4,3,3.0,5.0,1,5.0,u11,1,2
2013-11-08 13:00:00,2,2,4,3,3.5,4.5,1,5.0,u11,2,2
2013-11-08 16:00:00,3,2,4,3,4.0,4.333333333333333,1,5.0,u11,1,2
2013-11-11 09:00:00,2,2,2,4,2.876923076923077,4.523076923076923,1,4.123076923076923,u11,3,2
2013-11-11 13:00:00,2,2,2,4,3.0,2.0,1,3.0,u11,1,2
2013-11-11 16:00:00,2,2,5,4,3.0,2.0,1,2.6666666666666665,u11,1,2
2013-11-12 09:00:00,2,5,4,4,3.0,2.2941176470588234,1,2.823529411764706,u11,1,2
2013-11-12 13:00:00,3,5,5,3,3.5,3.0,1,2.25,u11,2,2
2013-11-12 16:00:00,2,5,3,3,4.0,3.0,1,1.0,u11,2,2
2013-11-13 09:00:00,3,4,3,3,3.1176470588235294,4.117647058823529,1,2.4705882352941178,u11,1,2
2013-11-13 13:00:00,1,4,2,3,3.75,3.25,1,2.0,u11,1,2
2013-11-13 16:00:00,3,4,4,5,4.0,3.0,1,1.3333333333333333,u11,1,2
2013-11-14 08:00:00,2,2,3,5,3.3125,4.3125,1,4.625,u11,1,2
2013-11-14 13:00:00,3,2,3,4,3.0,4.6,1,5.0,u11,1,2
2013-11-14 16:00:00,1,2,1,1,3.0,5.0,1,5.0,u11,1,2
2013-11-15 08:00:00,1,5,3,1,3.0,5.0,1,5.0,u11,1,2
2013-11-15 13:00:00,2,5,4,4,3.0,5.0,1,5.0,u11,2,2
2013-11-15 16:00:00,1,5,1,1,3.0,5.0,1,5.0,u11,2,2
2013-11-18 08:00:00,1,5,3,1,2.828125,4.671875,1,2.796875,u11,1,2
2013-11-18 13:00:00,3,5,3,4,3.0,4.4,1,5.0,u11,3,2
2013-11-18 16:00:00,2,5,1,4,3.0,4.333333333333333,1,5.0,u11,1,2
2013-11-19 08:00:00,2,3,3,3,3.0,4.625,1,5.0,u11,1,2
2013-11-19 13:00:00,2,3,1,4,3.0,5.0,1,5.0,u11,1,2
2013-11-19 16:00:00,3,3,3,4,3.0,5.0,1,5.0,u11,2,2
2013-11-20 08:00:00,2,3,3,3,3.0,5.0,1,5.0,u11,1,2
2013-11-20 13:00:00,2,3,3,1,3.0,4.8,1,3.6,u11,3,2
2013-11-20 17:00:00,3,3,3,3,3.0,5.0,1,5.0,u11,2,2
2013-11-21 08:00:00,2,3,3,3,2.6666666666666665,5.0,1,3.7333333333333334,u11,1,2
2013-11-21 13:00:00,1,3,3,1,2.8,5.0,1,5.0,u11,2,2
2013-11-21 16:00:00,2,3,3,1,3.0,5.0,1,5.0,u11,1,2
2013-11-22 09:00:00,3,5,4,3,2.0588235294117645,5.0,2,4.9411764705882355,u11,1,2
2013-11-22 13:00:00,2,5,4,2,2.75,3.5,1,4.0,u11,1,2
2013-11-22 16:00:00,3,5,4,4,2.6666666666666665,3.3333333333333335,1,4.333333333333333,u11,1,2
2013-11-25 08:00:00,2,5,3,3,2.703125,3.953125,2,4.203125,u11,5,2
2013-11-25 13:00:00,3,5,4,3,2.6,2.6,1,1.0,u11,3,2
2013-11-25 16:00:00,2,5,4,3,2.6666666666666665,2.0,1,1.0,u11,1,2
2013-11-26 08:00:00,2,5,3,3,2.125,1.3125,1,1.0,u11,4,2
2013-11-26 13:00:00,2,5,5,3,2.0,2.0,1,1.0,u11,1,2
2013-11-26 16:00:00,2,5,3,1,2.6666666666666665,1.3333333333333333,1,1.0,u11,2,2
2013-11-27 08:00:00,1,5,3,1,2.0,1.5,1,1.625,u11,2,2
2013-11-27 15:00:00,2,5,4,3,2.5714285714285716,1.2857142857142858,1,2.4285714285714284,u11,1,2
2013-11-27 16:00:00,3,5,2,4,3.0,2.0,1,3.0,u11,1,2
2013-11-28 08:00:00,2,5,3,1,2.4375,2.9375,1,1.4375,u11,2,2
2013-11-28 13:00:00,1,5,3,1,2.6,3.2,1,1.0,u11,1,2
2013-11-28 16:00:00,2,5,3,3,3.0,3.0,1,1.0,u11,1,2
2013-11-29 08:00:00,2,5,3,1,2.375,3.8125,1,1.0,u11,2,2
2013-11-29 13:00:00,1,5,3,3,2.8,3.4,1,1.0,u11,3,2
2013-11-29 16:00:00,1,5,3,1,3.0,4.0,1,1.0,u11,1,2
2013-12-02 08:00:00,2,3,3,4,2.6875,3.140625,1,2.546875,u11,5,2
2013-12-02 13:00:00,3,3,3,3,3.0,2.0,1,1.0,u11,1,2
2013-12-02 16:00:00,3,3,4,2,3.0,2.6666666666666665,1,1.0,u11,1,2
2013-12-03 08:00:00,2,1,4,3,2.9375,3.0625,1,1.0625,u11,2,2
2013-12-03 13:00:00,2,1,3,3,2.8,3.0,1,1.0,u11,1,2
2013-12-03 16:00:00,1,1,1,1,3.0,3.0,1,1.0,u11,1,2
2013-12-04 08:00:00,3,4,3,3,3.0,3.4375,1,1.1875,u11,1,2
2013-12-04 13:00:00,1,4,3,1,3.0,3.2,1,1.0,u11,2,2
2013-12-04 16:00:00,3,4,3,3,3.0,4.0,1,1.0,u11,1,2
2013-12-05 08:00:00,2,5,3,1,3.0,3.4375,1,1.4375,u11,4,2
2013-12-05 13:00:00,1,5,1,1,3.0,3.2,1,1.0,u11,2,2
2013-12-05 16:00:00,3,5,4,3,3.0,3.0,1,1.0,u11,1,2
2013-12-06 08:00:00,2,3,3,4,3.0,3.5625,1,1.0,u11,1,2
2013-12-06 13:00:00,3,3,4,2,3.0,2.6,1,1.2,u11,1,2
2013-12-06 16:00:00,3,3,3,4,3.0,2.0,1,1.0,u11,2,2
2013-12-10 08:00:00,2,5,3,3,2.852272727272727,3.1704545454545454,1,1.3409090909090908,u11,1,2
2013-12-10 13:00:00,2,5,4,4,3.2,3.2,1,1.0,u11,2,2
2013-12-10 16:00:00,2,5,3,3,3.3333333333333335,3.6666666666666665,1,1.0,u11,1,2
2013-12-11 08:00:00,2,4,3,2,2.9375,4.0625,1,1.0,u11,2,2
2013-12-11 13:00:00,1,4,1,4,2.8,3.6,1,1.0,u11,1,2
2013-12-11 16:00:00,1,4,3,3,3.0,3.6666666666666665,1,1.0,u11,1,2
2013-12-12 08:00:00,3,5,2,5,2.9375,4.0,1,1.0,u11,2,2
2013-12-12 13:00:00,3,5,2,4,2.8,3.0,1,1.0,u11,3,2
2013-12-12 16:00:00,1,5,3,1,3.0,3.0,1,1.0,u11,1,2
2013-12-13 13:00:00,2,5,1,3,3.0,3.6666666666666665,1,1.0,u11,2,2
2013-12-13 16:00:00,2,5,2,4,3.0,3.0,1,1.0,u11,1,2
2013-12-16 08:00:00,2,5,3,2,2.890625,3.71875,1,1.09375,u11,1,2
2013-12-16 10:00:00,3,4,4,1,2.5,4.0,1,1.0,u11,1,2
2013-12-16 13:00:00,2,4,3,1,3.0,3.0,1,1.0,u11,1,2
2013-12-16 16:00:00,2,4,3,1,3.0,3.0,1,1.0,u11,1,2
2013-12-17 08:00:00,2,5,1,3,3.0,3.875,1,1.0,u11,1,2
2013-12-17 13:00:00,2,5,3,3,3.0,3.6,1,1.0,u11,1,2
2013-12-17 14:00:00,2,5,3,2,3.0,3.0,1,1.0,u11,1,2
2013-12-17 16:00:00,3,5,3,4,3.0,3.0,1,1.0,u11,1,2
2013-12-18 08:00:00,3,5,4,3,3.0,3.5,1,1.1875,u11,4,2
2013-12-18 13:00:00,2,5,3,1,3.0,2.8,1,2.0,u11,1,2
2013-12-18 16:00:00,1,5,2,4,3.0,3.0,1,2.0,u11,1,2
2013-12-19 08:00:00,2,4,3,1,2.9375,3.375,1,1.5625,u11,2,2
2013-12-19 13:00:00,2,4,3,3,3.0,4.0,1,5.0,u11,1,2
2013-12-19 16:00:00,3,4,2,4,3.0,4.666666666666667,1,5.0,u11,1,2
2013-12-20 08:00:00,1,5,3,1,3.0,5.0,1,4.6875,u11,1,2
2013-12-20 13:00:00,2,5,3,4,3.0,5.0,1,5.0,u11,1,2
2013-12-20 16:00:00,2,5,2,4,3.0,5.0,1,5.0,u11,1,2
2013-11-06 09:00:00,1,1,3,5,3.0,4.777777777777778,1,3.0,u13,1,2
2013-11-06 13:00:00,1,1,1,5,3.5,3.75,1,1.5,u13,1,2
2013-11-06 16:00:00,1,1,1,1,4.0,3.3333333333333335,1,1.6666666666666667,u13,1,2
2013-11-07 09:00:00,3,5,5,5,3.1176470588235294,4.647058823529412,1,1.0,u13,1,2
2013-11-07 13:00:00,1,5,1,5,3.75,3.25,1,1.0,u13,1,2
2013-11-07 14:00:00,1,5,1,1,4.0,3.0,1,3.0,u13,1,2
2013-11-08 09:00:00,1,5,2,5,3.1578947368421053,4.894736842105263,1,5.0,u13,1,2
2013-11-08 11:00:00,1,5,1,1,3.0,5.0,1,5.0,u13,1,2
2013-11-08 13:00:00,2,5,5,1,4.0,4.0,1,5.0,u13,1,2
2013-11-08 16:00:00,1,5,1,5,4.0,4.333333333333333,1,5.0,u13,1,2
2013-11-11 11:00:00,1,1,5,5,2.8805970149253732,4.447761194029851,1,4.08955223880597,u13,1,2
2013-11-11 14:00:00,1,1,1,1,3.0,2.0,1,3.0,u13,1,2
2013-11-11 16:00:00,1,1,1,5,3.0,2.0,1,2.5,u13,1,2
2013-11-12 09:00:00,2,5,4,5,3.0,2.2941176470588234,1,2.823529411764706,u13,1,2
2013-11-12 13:00:00,1,5,2,5,3.5,3.0,1,2.25,u13,1,2
2013-11-12 16:00:00,1,5,1,1,4.0,3.0,1,1.0,u13,1,2
2013-11-13 09:00:00,2,3,3,5,3.1176470588235294,4.117647058823529,1,2.4705882352941178,u13,1,2
2013-11-13 13:00:00,2,3,5,5,3.75,3.25,1,2.0,u13,1,2
2013-11-13 16:00:00,3,3,3,5,4.0,3.0,1,1.3333333333333333,u13,1,2
2013-11-14 09:00:00,3,3,3,5,3.2941176470588234,4.352941176470588,1,4.647058823529412,u13,1,2
2013-11-14 13:00:00,3,3,5,5,3.0,4.5,1,5.0,u13,1,2
2013-11-14 16:00:00,1,3,3,3,3.0,5.0,1,5.0,u13,1,2
2013-11-15 09:00:00,3,5,3,5,3.0,5.0,1,5.0,u13,1,2
2013-11-15 10:00:00,3,5,4,5,3.0,5.0,1,5.0,u13,1,2
2013-11-15 13:00:00,2,5,3,5,3.0,5.0,1,5.0,u13,1,2
2013-11-15 16:00:00,2,5,3,5,3.0,5.0,1,5.0,u13,1,2
2013-11-18 09:00:00,2,5,5,5,2.830769230769231,4.676923076923077,1,2.830769230769231,u13,1,2
2013-11-18 13:00:00,3,5,3,5,3.0,4.25,1,5.0,u13,1,2
2013-11-18 16:00:00,2,5,3,5,3.0,4.333333333333333,1,5.0,u13,1,2
2013-11-19 09:00:00,2,5,5,3,3.0,4.647058823529412,1,5.0,u13,1,2
2013-11-19 13:00:00,2,5,5,3,3.0,5.0,1,5.0,u13,1,2
2013-11-19 16:00:00,2,5,3,3,3.0,5.0,1,5.0,u13,1,2
2013-11-20 09:00:00,1,3,1,1,3.0,5.0,1,4.882352941176471,u13,1,2
2013-11-20 13:00:00,2,3,3,5,3.0,4.75,1,3.75,u13,1,2
2013-11-20 16:00:00,2,3,3,5,3.0,5.0,1,5.0,u13,1,2
2013-11-21 09:00:00,2,3,5,5,2.6470588235294117,5.0,1,3.8823529411764706,u13,1,2
2013-11-21 13:00:00,2,3,3,5,3.0,5.0,1,5.0,u13,1,2
2013-11-21 16:00:00,2,3,1,5,3.0,5.0,1,5.0,u13,1,2
2013-11-22 09:00:00,2,5,3,5,2.0588235294117645,5.0,2,4.9411764705882355,u13,1,2
2013-11-22 14:00:00,3,5,3,5,2.6,3.6,1,4.0,u13,1,2
2013-11-22 16:00:00,1,5,3,5,3.0,3.0,1,4.5,u13,1,2
2013-11-25 08:00:00,3,3,5,5,2.703125,3.953125,2,4.203125,u13,1,2
2013-11-25 13:00:00,2,3,4,3,2.6,2.6,1,1.0,u13,1,2
2013-11-25 16:00:00,2,3,4,5,2.6666666666666665,2.0,1,1.0,u13,1,2
2013-11-26 08:00:00,2,2,5,3,2.125,1.3125,1,1.0,u13,1,2
2013-11-26 13:00:00,3,2,5,5,2.0,2.0,1,1.0,u13,1,2
2013-11-26 16:00:00,3,2,3,3,2.6666666666666665,1.3333333333333333,1,1.0,u13,1,2
2013-11-27 08:00:00,3,5,3,3,2.0,1.5,1,1.625,u13,1,2
2013-11-27 09:00:00,3,5,3,4,2.0,2.0,1,3.0,u13,1,2
2013-11-27 13:00:00,2,5,3,5,2.5,1.25,1,2.5,u13,1,2
2013-11-27 16:00:00,3,5,5,5,3.0,1.3333333333333333,1,2.3333333333333335,u13,1,2
2013-11-28 08:00:00,3,4,5,2,2.4375,2.9375,1,1.4375,u13,1,2
2013-11-28 13:00:00,2,4,5,2,2.6,3.2,1,1.0,u13,1,2
2013-11-29 08:00:00,1,4,3,3,2.473684210526316,3.6842105263157894,1,1.0,u13,1,2
2013-11-29 10:00:00,3,5,5,5,2.5,4.0,1,1.0,u13,1,2
2013-11-29 13:00:00,3,5,3,4,3.0,3.0,1,1.0,u13,1,2
2013-11-29 16:00:00,2,5,5,3,3.0,4.0,1,1.0,u13,1,2
2013-12-02 08:00:00,3,2,1,5,2.6875,3.140625,1,2.546875,u13,1,2
2013-12-02 13:00:00,3,2,3,5,3.0,2.0,1,1.0,u13,1,2
2013-12-02 16:00:00,3,2,3,5,3.0,2.6666666666666665,1,1.0,u13,1,2
2013-12-03 08:00:00,2,3,5,5,2.9375,3.0625,1,1.0625,u13,5,2
2013-12-03 13:00:00,2,3,5,3,2.8,3.0,1,1.0,u13,1,2
2013-12-03 16:00:00,1,3,1,3,3.0,3.0,1,1.0,u13,1,2
2013-12-04 09:00:00,1,5,3,3,3.0,3.411764705882353,1,1.1764705882352942,u13,1,2
2013-12-04 13:00:00,2,5,5,5,3.0,3.25,1,1.0,u13,1,2
2013-12-04 16:00:00,1,5,1,1,3.0,4.0,1,1.0,u13,1,2
2013-12-05 08:00:00,2,5,5,3,3.0,3.4375,1,1.4375,u13,1,2
2013-12-05 17:00:00,3,5,3,1,3.0,3.111111111111111,1,1.0,u13,1,2
2013-12-06 08:00:00,3,5,3,5,3.0,3.6,1,1.0,u13,1,2
2013-12-06 13:00:00,2,5,3,3,3.0,2.6,1,1.2,u13,1,2
2013-12-06 16:00:00,1,5,1,1,3.0,2.0,1,1.0,u13,1,2
2013-12-09 08:00:00,3,4,5,5,2.8125,3.265625,1,1.203125,u13,1,2
2013-12-09 13:00:00,3,4,5,5,2.8,3.6,1,2.0,u13,1,2
2013-12-09 16:00:00,3,4,3,5,3.0,3.3333333333333335,1,2.3333333333333335,u13,1,2
2013-12-10 08:00:00,2,3,4,4,3.0,2.625,1,1.5,u13,1,2
2013-12-10 13:00:00,3,3,5,5,3.2,3.2,1,1.0,u13,1,2
2013-12-10 16:00:00,3,3,4,2,3.3333333333333335,3.6666666666666665,1,1.0,u13,1,2
2013-12-11 08:00:00,2,2,3,5,2.9375,4.0625,1,1.0,u13,1,2
2013-12-11 13:00:00,2,2,1,5,2.8,3.6,1,1.0,u13,1,2
2013-12-11 16:00:00,3,2,1,5,3.0,3.6666666666666665,1,1.0,u13,1,2
2013-12-12 08:00:00,2,4,1,3,2.9375,4.0,1,1.0,u13,1,2
2013-12-12 16:00:00,3,4,5,5,2.875,3.0,1,1.0,u13,1,2
2013-12-13 08:00:00,3,5,5,5,3.0,3.875,1,1.0,u13,1,2
2013-12-13 13:00:00,2,5,3,3,3.0,3.0,1,1.0,u13,1,2
2013-12-13 16:00:00,3,5,2,5,3.0,3.0,1,1.0,u13,1,2
2013-11-12 09:00:00,3,4,4,5,3.0,2.111111111111111,1,3.3333333333333335,u14,2,1
2013-11-12 14:00:00,3,4,5,3,3.6,3.0,1,2.0,u14,3,1
2013-11-12 16:00:00,3,4,5,4,4.0,3.0,1,1.0,u14,2,1
2013-11-13 11:00:00,3,4,3,4,3.1578947368421053,4.052631578947368,1,2.4210526315789473,u14,5,1
2013-11-13 15:00:00,3,4,2,5,4.0,3.0,1,1.5,u14,4,1
2013-11-13 16:00:00,3,4,4,5,4.0,3.0,1,2.0,u14,1,1
2013-11-14 09:00:00,3,4,5,5,3.2941176470588234,4.352941176470588,1,4.647058823529412,u14,2,1
2013-11-14 14:00:00,2,4,4,5,3.0,4.6,1,5.0,u14,4,1
2013-11-14 16:00:00,3,4,4,5,3.0,5.0,1,5.0,u14,2,1
2013-11-15 08:00:00,2,5,4,5,3.0,5.0,1,5.0,u14,2,1
2013-11-15 13:00:00,2,5,4,2,3.0,5.0,1,5.0,u14,3,1
2013-11-15 16:00:00,3,5,3,5,3.0,5.0,1,5.0,u14,5,1
2013-11-18 08:00:00,2,4,4,2,2.828125,4.671875,1,2.796875,u14,5,1
2013-11-18 13:00:00,3,4,3,5,3.0,4.4,1,5.0,u14,4,1
2013-11-18 16:00:00,2,4,4,3,3.0,4.333333333333333,1,5.0,u14,2,1
2013-11-19 08:00:00,3,4,4,5,3.0,4.625,1,5.0,u14,2,1
2013-11-19 13:00:00,2,4,4,2,3.0,5.0,1,5.0,u14,5,1
2013-11-19 16:00:00,2,4,5,3,3.0,5.0,1,5.0,u14,3,1
2013-11-20 08:00:00,1,3,5,1,3.0,5.0,1,5.0,u14,1,1
2013-11-20 13:00:00,1,3,4,2,3.0,4.8,1,3.6,u14,1,1
2013-11-20 16:00:00,2,3,4,3,3.0,5.0,1,5.0,u14,1,1
2013-11-21 08:00:00,2,3,4,3,2.6875,5.0,1,3.8125,u14,2,1
2013-11-21 13:00:00,2,3,4,2,2.8,5.0,1,5.0,u14,4,1
2013-11-21 16:00:00,3,3,4,3,3.0,5.0,1,5.0,u14,1,1
2013-11-22 09:00:00,3,4,4,4,2.0588235294117645,5.0,2,4.9411764705882355,u14,1,1
2013-11-22 14:00:00,2,4,4,3,2.6,3.6,1,4.0,u14,1,1
2013-11-22 16:00:00,1,4,3,4,3.0,3.0,1,4.5,u14,2,1
2013-11-25 08:00:00,2,5,4,3,2.703125,3.953125,2,4.203125,u14,2,1
2013-11-25 14:00:00,3,5,5,5,2.5,2.6666666666666665,1,1.0,u14,5,1
2013-11-25 16:00:00,3,5,4,4,3.0,1.5,1,1.0,u14,2,1
2013-11-26 09:00:00,3,2,4,3,2.1176470588235294,1.3529411764705883,1,1.0,u14,2,1
2013-11-26 13:00:00,3,2,4,3,2.0,2.0,1,1.0,u14,3,1
2013-11-26 18:00:00,1,2,4,1,2.4,1.2,1,1.0,u14,4,1
2013-11-27 09:00:00,2,4,5,4,2.0,1.6,1,1.8,u14,1,1
2013-11-27 13:00:00,2,4,4,2,2.5,1.25,1,2.5,u14,1,1
2013-11-27 17:00:00,3,4,4,2,3.0,1.5,1,2.5,u14,1,1
2013-11-28 08:00:00,2,4,5,1,2.4,3.0,1,1.3333333333333333,u14,1,1
2013-11-28 13:00:00,2,4,4,1,2.6,3.2,1,1.0,u14,1,1
2013-11-28 16:00:00,2,4,4,2,3.0,3.0,1,1.0,u14,1,1
2013-11-29 08:00:00,1,4,3,3,2.375,3.8125,1,1.0,u14,1,1
2013-11-29 13:00:00,3,4,4,2,2.8,3.4,1,1.0,u14,1,1
2013-11-29 16:00:00,3,4,4,2,3.0,4.0,1,1.0,u14,1,1
2013-12-02 08:00:00,1,2,4,1,2.6875,3.140625,1,2.546875,u14,4,1
2013-12-02 13:00:00,1,2,4,1,3.0,2.0,1,1.0,u14,3,1
2013-12-02 16:00:00,3,2,4,1,3.0,2.6666666666666665,1,1.0,u14,2,1
2013-12-03 11:00:00,1,4,4,1,2.8947368421052633,3.1578947368421053,1,1.0526315789473684,u14,2,1
2013-12-03 13:00:00,2,4,4,1,3.0,2.0,1,1.0,u14,1,1
2013-12-03 16:00:00,1,4,4,1,3.0,3.0,1,1.0,u14,1,1
2013-12-04 08:00:00,1,4,5,1,3.0,3.4375,1,1.1875,u14,1,1
2013-12-04 13:00:00,1,4,5,1,3.0,3.2,1,1.0,u14,1,1
2013-12-04 16:00:00,1,4,5,1,3.0,4.0,1,1.0,u14,1,1
2013-12-05 08:00:00,1,2,5,1,3.0,3.4375,1,1.4375,u14,1,1
2013-12-05 13:00:00,1,2,5,1,3.0,3.2,1,1.0,u14,1,1
2013-12-05 16:00:00,1,2,4,1,3.0,3.0,1,1.0,u14,1,1
2013-12-06 08:00:00,1,1,5,1,3.0,3.5625,1,1.0,u14,1,1
2013-12-06 14:00:00,2,1,4,2,3.0,2.5,1,1.1666666666666667,u14,1,1
2013-12-06 16:00:00,2,1,5,1,3.0,2.0,1,1.0,u14,1,1
2013-12-09 08:00:00,2,4,4,1,2.8125,3.265625,1,1.203125,u14,1,1
2013-12-09 13:00:00,3,4,4,1,2.8,3.6,1,2.0,u14,1,1
2013-12-09 16:00:00,3,4,5,1,3.0,3.3333333333333335,1,2.3333333333333335,u14,1,1
2013-12-10 08:00:00,1,3,5,1,3.0,2.625,1,1.5,u14,1,1
2013-12-10 15:00:00,2,3,5,3,3.2857142857142856,3.2857142857142856,1,1.0,u14,3,1
2013-12-10 18:00:00,3,3,5,3,3.0,4.0,1,1.0,u14,2,1
2013-12-11 11:00:00,1,4,5,1,2.8823529411764706,4.0588235294117645,1,1.0,u14,1,1
2013-12-11 14:00:00,3,4,4,1,3.0,3.0,1,1.0,u14,1,1
2013-12-11 16:00:00,2,4,4,1,3.0,4.0,1,1.0,u14,1,1
2013-12-12 08:00:00,3,2,5,1,2.9375,4.0,1,1.0,u14,1,1
2013-12-12 13:00:00,2,2,5,3,2.8,3.0,1,1.0,u14,2,1
2013-12-12 16:00:00,3,2,4,4,3.0,3.0,1,1.0,u14,1,1
2013-12-13 10:00:00,2,4,5,1,3.0,3.888888888888889,1,1.0,u14,2,1
2013-12-13 13:00:00,1,4,4,2,3.0,2.3333333333333335,1,1.0,u14,1,1
2013-12-13 16:00:00,3,4,5,1,3.0,3.0,1,1.0,u14,2,1
2013-12-16 08:00:00,1,4,4,1,2.890625,3.71875,1,1.09375,u14,2,1
2013-12-16 13:00:00,2,4,4,2,2.8,3.4,1,1.0,u14,2,1
2013-12-16 16:00:00,1,4,4,2,3.0,3.0,1,1.0,u14,2,1
2013-12-17 12:00:00,1,4,4,1,3.0,3.85,1,1.0,u14,2,1
2013-12-17 13:00:00,2,4,4,1,3.0,3.0,1,1.0,u14,1,1
2013-12-17 16:00:00,2,4,4,1,3.0,3.0,1,1.0,u14,1,1
2013-12-18 09:00:00,1,4,4,1,3.0,3.4705882352941178,1,1.2352941176470589,u14,1,1
2013-12-18 15:00:00,2,4,4,1,3.0,2.8333333333333335,1,2.0,u14,1,1
2013-12-18 16:00:00,3,4,4,1,3.0,3.0,1,2.0,u14,1,1
2013-12-19 10:00:00,3,1,5,4,2.9444444444444446,3.4444444444444446,1,1.9444444444444444,u14,1,1
2013-12-19 13:00:00,2,1,4,1,3.0,4.0,1,5.0,u14,1,1
2013-12-19 16:00:00,1,1,4,1,3.0,4.666666666666667,1,5.0,u14,1,1
2013-12-20 08:00:00,2,4,5,2,3.0,5.0,1,4.6875,u14,1,1
2013-12-20 14:00:00,3,4,4,3,3.0,5.0,1,5.0,u14,4,1
2013-12-20 16:00:00,3,4,4,1,3.0,5.0,1,5.0,u14,2,1
2013-11-04 09:00:00,1,4,1,4,3.0,4.888888888888889,1,5.0,u18,1,5
2013-11-05 16:00:00,1,3,4,2,3.161290322580645,4.645161290322581,1,4.0,u18,1,5
2013-11-06 09:00:00,1,3,1,3,3.0,4.882352941176471,1,3.6470588235294117,u18,1,5
2013-11-06 13:00:00,1,3,1,1,3.5,3.75,1,1.5,u18,1,5
2013-11-06 16:00:00,1,3,1,1,4.0,3.3333333333333335,1,1.6666666666666667,u18,1,5
2013-11-07 09:00:00,2,1,4,4,3.1176470588235294,4.647058823529412,1,1.0,u18,1,5
2013-11-07 13:00:00,1,1,1,4,3.75,3.25,1,1.0,u18,1,5
2013-11-07 16:00:00,3,1,4,4,4.0,3.6666666666666665,1,4.333333333333333,u18,1,5
2013-11-08 09:00:00,1,3,3,1,3.0588235294117645,5.0,1,5.0,u18,2,5
2013-11-08 13:00:00,1,3,1,1,3.5,4.5,1,5.0,u18,2,5
2013-11-08 16:00:00,1,3,1,1,4.0,4.333333333333333,1,5.0,u18,1,5
2013-11-11 09:00:00,2,1,3,5,2.876923076923077,4.523076923076923,1,4.123076923076923,u18,1,5
2013-11-11 13:00:00,1,1,1,4,3.0,2.0,1,3.0,u18,1,5
2013-11-11 16:00:00,2,1,4,5,3.0,2.0,1,2.6666666666666665,u18,1,5
2013-11-12 10:00:00,1,3,3,4,3.0,2.3333333333333335,1,2.7777777777777777,u18,1,5
2013-11-12 13:00:00,2,3,2,4,3.6666666666666665,3.0,1,2.3333333333333335,u18,1,5
2013-11-12 16:00:00,2,3,5,5,4.0,3.0,1,1.0,u18,1,5
2013-11-13 09:00:00,1,5,1,3,3.1176470588235294,4.117647058823529,1,2.4705882352941178,u18,1,5
2013-11-13 13:00:00,1,5,4,5,3.75,3.25,1,2.0,u18,1,5
2013-11-13 16:00:00,2,5,4,5,4.0,3.0,1,1.3333333333333333,u18,1,5
2013-11-14 08:00:00,2,4,4,4,3.3125,4.3125,1,4.625,u18,1,5
2013-11-14 13:00:00,1,4,3,2,3.0,4.6,1,5.0,u18,3,5
2013-11-14 16:00:00,2,4,4,4,3.0,5.0,1,5.0,u18,3,5
2013-11-15 08:00:00,1,5,1,1,3.0,5.0,1,5.0,u18,1,5
2013-11-15 13:00:00,2,5,5,5,3.0,5.0,1,5.0,u18,2,5
2013-11-15 16:00:00,1,5,4,3,3.0,5.0,1,5.0,u18,1,5
2013-11-18 08:00:00,1,3,3,5,2.828125,4.671875,1,2.796875,u18,1,5
2013-11-18 13:00:00,1,3,2,4,3.0,4.4,1,5.0,u18,1,5
2013-11-18 16:00:00,1,3,5,5,3.0,4.333333333333333,1,5.0,u18,1,5
2013-11-19 08:00:00,1,4,5,1,3.0,4.625,1,5.0,u18,1,5
2013-11-19 13:00:00,1,4,3,1,3.0,5.0,1,5.0,u18,1,5
2013-11-19 16:00:00,2,4,5,5,3.0,5.0,1,5.0,u18,1,5
2013-11-20 08:00:00,2,2,5,5,3.0,5.0,1,5.0,u18,1,5
2013-11-20 13:00:00,1,2,1,3,3.0,4.8,1,3.6,u18,5,5
2013-11-20 16:00:00,1,2,1,3,3.0,5.0,1,5.0,u18,1,5
2013-11-21 08:00:00,1,4,1,1,2.6875,5.0,1,3.8125,u18,1,5
2013-11-21 13:00:00,1,4,2,1,2.8,5.0,1,5.0,u18,1,5
2013-11-21 16:00:00,1,4,1,1,3.0,5.0,1,5.0,u18,1,5
2013-11-22 08:00:00,1,4,1,1,2.0625,5.0,1,4.9375,u18,1,5
2013-11-22 13:00:00,1,4,1,4,2.6,3.8,1,4.2,u18,1,5
2013-11-22 16:00:00,1,4,2,5,2.6666666666666665,3.3333333333333335,1,4.333333333333333,u18,1,5
2013-11-25 08:00:00,1,1,1,5,2.703125,3.953125,2,4.203125,u18,3,5
2013-11-25 13:00:00,1,1,1,5,2.6,2.6,1,1.0,u18,5,5
2013-11-25 16:00:00,1,1,1,5,2.6666666666666665,2.0,1,1.0,u18,3,5
2013-11-26 08:00:00,1,3,1,1,2.125,1.3125,1,1.0,u18,2,5
2013-11-26 13:00:00,1,3,1,5,2.0,2.0,1,1.0,u18,1,5
2013-11-26 16:00:00,1,3,1,3,2.6666666666666665,1.3333333333333333,1,1.0,u18,1,5
2013-11-27 08:00:00,1,4,1,1,2.0,1.5,1,1.625,u18,2,5
2013-11-27 13:00:00,1,4,1,1,2.4,1.4,1,2.6,u18,1,5
2013-11-27 16:00:00,1,4,1,1,3.0,1.3333333333333333,1,2.3333333333333335,u18,1,5
2013-11-28 08:00:00,1,5,1,1,2.4375,2.9375,1,1.4375,u18,2,5
2013-11-28 13:00:00,1,5,1,3,2.6,3.2,1,1.0,u18,1,5
2013-11-28 16:00:00,1,5,1,1,3.0,3.0,1,1.0,u18,3,5
2013-11-29 08:00:00,1,4,1,1,2.375,3.8125,1,1.0,u18,2,5
2013-11-29 13:00:00,1,4,1,1,2.8,3.4,1,1.0,u18,4,5
2013-11-29 16:00:00,1,4,4,1,3.0,4.0,1,1.0,u18,2,5
2013-12-02 08:00:00,1,4,1,1,2.6875,3.140625,1,2.546875,u18,5,5
2013-12-02 13:00:00,1,4,1,5,3.0,2.0,1,1.0,u18,1,5
2013-12-02 16:00:00,1,4,2,5,3.0,2.6666666666666665,1,1.0,u18,2,5
2013-12-03 08:00:00,1,5,2,4,2.9375,3.0625,1,1.0625,u18,1,5
2013-12-03 13:00:00,1,5,1,1,2.8,3.0,1,1.0,u18,2,5
2013-12-03 16:00:00,1,5,1,1,3.0,3.0,1,1.0,u18,2,5
2013-12-04 08:00:00,1,4,2,3,3.0,3.4375,1,1.1875,u18,1,5
2013-12-04 13:00:00,1,4,1,1,3.0,3.2,1,1.0,u18,2,5
2013-12-04 16:00:00,1,4,1,4,3.0,4.0,1,1.0,u18,2,5
2013-12-05 08:00:00,1,3,1,1,3.0,3.4375,1,1.4375,u18,1,5
2013-12-05 13:00:00,1,3,2,1,3.0,3.2,1,1.0,u18,1,5
2013-12-05 16:00:00,1,3,1,1,3.0,3.0,1,1.0,u18,1,5
2013-12-06 08:00:00,1,4,1,1,3.0,3.5625,1,1.0,u18,1,5
2013-12-06 13:00:00,1,4,1,1,3.0,2.6,1,1.2,u18,3,5
2013-12-06 16:00:00,1,4,1,1,3.0,2.0,1,1.0,u18,1,5
2013-12-09 08:00:00,1,4,1,1,2.8125,3.265625,1,1.203125,u18,3,5
2013-12-09 13:00:00,1,4,1,1,2.8,3.6,1,2.0,u18,1,5
2013-12-09 16:00:00,1,4,1,1,3.0,3.3333333333333335,1,2.3333333333333335,u18,1,5
2013-12-10 08:00:00,1,5,1,1,3.0,2.625,1,1.5,u18,2,5
2013-12-10 13:00:00,1,5,1,1,3.2,3.2,1,1.0,u18,4,5
2013-12-10 17:00:00,1,5,2,1,3.25,3.75,1,1.0,u18,1,5
2013-12-11 08:00:00,1,4,1,1,2.933333333333333,4.066666666666666,1,1.0,u18,1,5
2013-12-11 13:00:00,1,4,1,1,2.8,3.6,1,1.0,u18,2,5
2013-12-11 16:00:00,1,4,1,1,3.0,3.6666666666666665,1,1.0,u18,1,5
2013-12-12 08:00:00,1,2,2,1,2.9375,4.0,1,1.0,u18,3,5
2013-12-12 13:00:00,1,2,2,4,2.8,3.0,1,1.0,u18,2,5
2013-12-12 16:00:00,1,2,1,1,3.0,3.0,1,1.0,u18,2,5
2013-12-13 08:00:00,1,4,1,1,3.0,3.875,1,1.0,u18,4,5
2013-12-13 13:00:00,1,4,1,1,3.0,3.0,1,1.0,u18,1,5
2013-12-13 16:00:00,1,4,2,4,3.0,3.0,1,1.0,u18,1,5
2013-12-16 08:00:00,1,5,1,4,2.890625,3.71875,1,1.09375,u18,5,5
2013-12-16 13:00:00,1,5,1,4,2.8,3.4,1,1.0,u18,3,5
2013-12-16 16:00:00,1,5,1,1,3.0,3.0,1,1.0,u18,2,5
2013-12-17 08:00:00,1,5,2,5,3.0,3.875,1,1.0,u18,2,5
2013-12-17 13:00:00,1,5,1,1,3.0,3.6,1,1.0,u18,1,5
2013-12-17 16:00:00,1,5,4,4,3.0,3.0,1,1.0,u18,1,5
2013-12-18 08:00:00,1,4,2,1,3.0,3.5,1,1.1875,u18,2,5
2013-12-18 13:00:00,1,4,2,4,3.0,2.8,1,2.0,u18,1,5
2013-12-18 16:00:00,1,4,2,4,3.0,3.0,1,2.0,u18,1,5
2013-12-19 08:00:00,1,1,4,1,2.9375,3.375,1,1.5625,u18,4,5
2013-12-19 13:00:00,1,1,4,4,3.0,4.0,1,5.0,u18,1,5
2013-12-19 16:00:00,1,1,1,1,3.0,4.666666666666667,1,5.0,u18,2,5
2013-12-20 08:00:00,1,4,4,4,3.0,5.0,1,4.6875,u18,3,5
2013-12-20 13:00:00,1,4,2,5,3.0,5.0,1,5.0,u18,3,5
2013-12-20 16:00:00,1,4,1,1,3.0,5.0,1,5.0,u18,1,5
2013-11-12 09:00:00,2,5,1,5,3.0,2.111111111111111,1,3.3333333333333335,u19,1,3
2013-11-12 13:00:00,1,5,4,3,3.5,3.0,1,2.25,u19,1,3
2013-11-12 16:00:00,1,5,1,1,4.0,3.0,1,1.0,u19,1,3
2013-11-13 09:00:00,1,5,5,1,3.1176470588235294,4.117647058823529,1,2.4705882352941178,u19,1,3
2013-11-13 13:00:00,2,5,5,3,3.75,3.25,1,2.0,u19,1,3
2013-11-13 17:00:00,1,5,1,5,4.0,3.0,1,1.75,u19,1,3
2013-11-14 13:00:00,2,5,3,3,3.2,4.45,1,4.8,u19,1,3
2013-11-14 17:00:00,1,5,1,1,3.0,5.0,1,5.0,u19,1,3
2013-11-15 09:00:00,1,5,5,1,3.0,5.0,1,5.0,u19,2,3
2013-11-15 13:00:00,2,5,3,1,3.0,5.0,1,5.0,u19,2,3
2013-11-15 16:00:00,1,5,3,1,3.0,5.0,1,5.0,u19,4,3
2013-11-18 09:00:00,3,2,5,1,2.830769230769231,4.676923076923077,1,2.830769230769231,u19,1,3
2013-11-18 14:00:00,1,2,5,5,3.0,4.2,1,5.0,u19,1,3
2013-11-18 17:00:00,3,2,3,5,3.0,4.333333333333333,1,5.0,u19,1,3
2013-11-19 08:00:00,2,3,3,1,3.0,4.666666666666667,1,5.0,u19,1,3
2013-11-19 13:00:00,1,3,1,1,3.0,5.0,1,5.0,u19,1,3
2013-11-20 08:00:00,3,3,5,5,3.0,5.0,1,5.0,u19,1,3
2013-11-20 14:00:00,2,3,3,5,3.0,4.833333333333333,1,3.8333333333333335,u19,4,3
2013-11-20 17:00:00,2,3,3,5,3.0,5.0,1,5.0,u19,1,3
2013-11-21 09:00:00,1,2,3,1,2.625,5.0,1,3.8125,u19,2,3
2013-11-21 13:00:00,2,2,3,5,3.0,5.0,1,5.0,u19,2,3
2013-11-21 17:00:00,2,2,3,1,3.0,5.0,1,5.0,u19,1,3
2013-11-22 09:00:00,2,4,4,3,2.0,5.0,1,4.9375,u19,2,3
2013-11-22 14:00:00,2,4,3,1,2.6,3.6,1,4.0,u19,2,3
2013-11-22 16:00:00,2,4,5,5,3.0,3.0,1,4.5,u19,3,3
2013-11-25 09:00:00,1,4,3,1,2.707692307692308,3.9384615384615387,2,4.153846153846154,u19,1,3
2013-11-25 13:00:00,2,4,1,5,2.5,2.5,1,1.0,u19,1,3
2013-11-25 16:00:00,2,4,4,1,2.6666666666666665,2.0,1,1.0,u19,1,3
2013-11-26 09:00:00,2,3,3,1,2.1176470588235294,1.3529411764705883,1,1.0,u19,1,3
2013-11-26 14:00:00,1,3,4,1,2.0,2.0,1,1.0,u19,2,3
2013-11-26 17:00:00,2,3,5,3,2.6666666666666665,1.0,1,1.0,u19,1,3
2013-11-27 09:00:00,1,3,1,1,2.0,1.5625,1,1.75,u19,2,3
2013-11-27 13:00:00,2,3,5,5,2.5,1.25,1,2.5,u19,1,3
2013-11-27 16:00:00,2,3,5,5,3.0,1.3333333333333333,1,2.3333333333333335,u19,1,3
2013-11-28 13:00:00,1,3,4,5,2.4761904761904763,3.0,1,1.3333333333333333,u19,3,3
2013-11-28 17:00:00,2,3,5,5,3.0,3.0,1,1.0,u19,1,3
2013-11-29 10:00:00,2,3,4,3,2.3529411764705883,3.8823529411764706,1,1.0,u19,3,3
2013-11-29 13:00:00,1,3,1,5,3.0,3.0,1,1.0,u19,1,3
2013-11-29 17:00:00,3,3,5,4,3.0,4.0,1,1.25,u19,2,3
2013-12-02 09:00:00,1,5,1,1,2.6875,3.109375,1,2.53125,u19,1,3
2013-12-02 15:00:00,2,5,5,3,3.0,2.1666666666666665,1,1.0,u19,1,3
2013-12-02 19:00:00,2,5,5,5,3.0,3.0,1,1.0,u19,1,3
2013-12-03 08:00:00,1,3,5,3,2.923076923076923,3.076923076923077,1,1.0769230769230769,u19,1,3
2013-12-03 14:00:00,1,3,1,1,2.8333333333333335,3.0,1,1.0,u19,3,3
2013-12-03 17:00:00,1,3,2,1,3.0,3.3333333333333335,1,1.0,u19,3,3
2013-12-04 09:00:00,2,3,3,1,3.0,3.375,1,1.1875,u19,2,3
2013-12-04 13:00:00,2,3,3,3,3.0,3.25,1,1.0,u19,1,3
2013-12-04 16:00:00,1,3,1,1,3.0,4.0,1,1.0,u19,1,3
2013-12-05 15:00:00,2,5,1,3,3.0,3.347826086956522,1,1.3043478260869565,u19,5,3
2013-12-05 17:00:00,1,5,5,5,3.0,3.0,1,1.0,u19,1,3
2013-12-06 10:00:00,1,5,3,1,3.0,3.5294117647058822,1,1.0588235294117647,u19,4,3
2013-12-06 13:00:00,1,5,5,5,3.0,2.3333333333333335,1,1.0,u19,1,3
2013-12-06 16:00:00,2,5,5,5,3.0,2.0,1,1.0,u19,2,3
2013-12-09 09:00:00,1,5,1,5,2.8,3.276923076923077,1,1.2153846153846153,u19,4,3
2013-12-09 14:00:00,1,5,1,5,3.0,3.6,1,2.0,u19,1,3
2013-12-09 16:00:00,2,5,5,1,3.0,3.0,1,2.5,u19,1,3
2013-12-10 10:00:00,1,1,1,3,3.0,2.7222222222222223,1,1.4444444444444444,u19,3,3
2013-12-11 09:00:00,2,5,5,5,3.0,3.869565217391304,1,1.0,u19,1,3
2013-12-11 14:00:00,1,5,5,4,3.0,3.4,1,1.0,u19,1,3
2013-12-11 17:00:00,2,5,5,5,3.0,4.0,1,1.0,u19,1,3
2013-12-12 09:00:00,1,5,3,1,2.875,4.0,1,1.0,u19,4,3
2013-12-12 14:00:00,2,5,1,3,3.0,2.8,1,1.0,u19,5,3
2013-12-12 17:00:00,1,5,2,1,3.0,3.0,1,1.0,u19,2,3
2013-12-13 10:00:00,2,4,5,2,3.0,3.9411764705882355,1,1.0,u19,2,3
2013-12-13 13:00:00,1,4,3,3,3.0,2.3333333333333335,1,1.0,u19,4,3
2013-12-13 16:00:00,1,4,3,1,3.0,3.0,1,1.0,u19,1,3
2013-12-16 10:00:00,1,5,3,5,2.878787878787879,3.727272727272727,1,1.0909090909090908,u19,1,3
2013-12-16 13:00:00,1,5,3,3,3.0,3.0,1,1.0,u19,1,3
2013-12-16 16:00:00,1,5,5,5,3.0,3.0,1,1.0,u19,3,3
2013-12-17 12:00:00,3,2,5,5,3.0,3.85,1,1.0,u19,5,3
2013-12-17 13:00:00,2,2,5,5,3.0,3.0,1,1.0,u19,1,3
2013-12-17 17:00:00,1,2,4,3,3.0,3.0,1,1.0,u19,1,3
2013-12-18 09:00:00,1,5,1,1,3.0,3.5,1,1.25,u19,1,3
2013-12-18 13:00:00,1,5,3,5,3.0,2.75,1,2.0,u19,1,3
2013-12-18 16:00:00,1,5,5,5,3.0,3.0,1,2.0,u19,1,3
2013-12-19 13:00:00,1,5,1,1,2.9523809523809526,3.5238095238095237,1,2.380952380952381,u19,1,3
2013-12-19 17:00:00,1,5,1,5,3.0,4.75,1,5.0,u19,1,3
2013-12-20 12:00:00,2,5,5,3,3.0,5.0,1,4.7368421052631575,u19,1,3
2013-12-20 14:00:00,1,5,1,1,3.0,5.0,1,5.0,u19,1,3
2013-11-04 13:00:00,1,3,1,1,3.0,4.923076923076923,1,5.0,u21,5,3
2013-11-04 16:00:00,1,3,4,1,3.0,5.0,1,5.0,u21,1,3
2013-11-05 09:00:00,1,3,4,1,3.0,5.0,1,4.235294117647059,u21,1,3
2013-11-05 13:00:00,1,3,1,1,3.75,3.25,1,1.75,u21,1,3
2013-11-05 16:00:00,1,3,2,2,3.6666666666666665,3.6666666666666665,1,3.3333333333333335,u21,1,3
2013-11-06 08:00:00,2,4,3,3,3.0,4.875,1,3.8125,u21,1,3
2013-11-06 10:00:00,1,4,4,2,3.0,4.5,1,1.0,u21,1,3
2013-11-06 13:00:00,1,4,3,1,3.6666666666666665,3.6666666666666665,1,1.6666666666666667,u21,1,3
2013-11-06 16:00:00,1,4,1,1,4.0,3.3333333333333335,1,1.6666666666666667,u21,1,3
2013-11-07 09:00:00,1,4,5,1,3.1176470588235294,4.647058823529412,1,1.0,u21,3,3
2013-11-07 13:00:00,1,4,3,1,3.75,3.25,1,1.0,u21,2,3
2013-11-07 16:00:00,1,4,3,1,4.0,3.6666666666666665,1,4.333333333333333,u21,1,3
2013-11-08 09:00:00,1,3,2,1,3.0588235294117645,5.0,1,5.0,u21,3,3
2013-11-08 15:00:00,1,3,4,1,3.6666666666666665,4.333333333333333,1,5.0,u21,5,3
2013-11-08 16:00:00,1,3,3,1,4.0,5.0,1,5.0,u21,1,3
2013-11-11 09:00:00,1,3,2,3,2.876923076923077,4.523076923076923,1,4.123076923076923,u21,2,3
2013-11-11 13:00:00,1,3,3,3,3.0,2.0,1,3.0,u21,2,3
2013-11-11 16:00:00,2,3,4,3,3.0,2.0,1,2.6666666666666665,u21,1,3
2013-11-12 09:00:00,3,4,4,2,3.0,2.2941176470588234,1,2.823529411764706,u21,3,3
2013-11-12 13:00:00,2,4,3,4,3.5,3.0,1,2.25,u21,1,3
2013-11-12 16:00:00,3,4,3,3,4.0,3.0,1,1.0,u21,2,3
2013-11-13 09:00:00,3,4,3,4,3.1176470588235294,4.117647058823529,1,2.4705882352941178,u21,2,3
2013-11-13 13:00:00,3,4,4,4,3.75,3.25,1,2.0,u21,3,3
2013-11-13 16:00:00,3,4,4,2,4.0,3.0,1,1.3333333333333333,u21,2,3
2013-11-14 08:00:00,2,3,3,2,3.3125,4.3125,1,4.625,u21,1,3
2013-11-14 13:00:00,1,3,2,2,3.0,4.6,1,5.0,u21,1,3
2013-11-14 14:00:00,2,3,4,1,3.0,5.0,1,5.0,u21,1,3
2013-11-15 08:00:00,3,4,3,5,3.0,5.0,1,5.0,u21,1,3
2013-11-15 13:00:00,1,4,4,2,3.0,5.0,1,5.0,u21,2,3
2013-11-15 18:00:00,2,4,4,1,3.0,5.0,1,5.0,u21,1,3
2013-11-18 08:00:00,1,3,1,1,2.8225806451612905,4.661290322580645,1,2.725806451612903,u21,3,3
2013-11-18 13:00:00,2,3,2,3,3.0,4.4,1,5.0,u21,2,3
2013-11-18 16:00:00,2,3,1,4,3.0,4.333333333333333,1,5.0,u21,1,3
2013-11-19 08:00:00,3,4,4,1,3.0,4.625,1,5.0,u21,1,3
2013-11-19 13:00:00,3,4,4,3,3.0,5.0,1,5.0,u21,1,3
2013-11-19 16:00:00,2,4,4,3,3.0,5.0,1,5.0,u21,1,3
2013-11-20 08:00:00,2,4,1,3,3.0,5.0,1,5.0,u21,1,3
2013-11-20 13:00:00,3,4,4,2,3.0,4.8,1,3.6,u21,2,3
2013-11-20 16:00:00,3,4,5,3,3.0,5.0,1,5.0,u21,1,3
2013-11-21 08:00:00,2,4,4,3,2.6875,5.0,1,3.8125,u21,1,3
2013-11-21 13:00:00,3,4,5,2,2.8,5.0,1,5.0,u21,2,3
2013-11-21 16:00:00,3,4,5,2,3.0,5.0,1,5.0,u21,4,3
2013-11-22 08:00:00,3,4,5,4,2.0625,5.0,1,4.9375,u21,1,3
2013-11-22 13:00:00,1,4,1,1,2.6,3.8,1,4.2,u21,1,3
2013-11-22 16:00:00,1,4,1,1,2.6666666666666665,3.3333333333333335,1,4.333333333333333,u21,1,3
2013-11-25 08:00:00,3,3,3,5,2.703125,3.953125,2,4.203125,u21,1,3
2013-11-25 13:00:00,2,3,3,2,2.6,2.6,1,1.0,u21,1,3
2013-11-25 16:00:00,2,3,1,3,2.6666666666666665,2.0,1,1.0,u21,1,3
2013-11-26 07:00:00,1,4,1,5,2.1333333333333333,1.2666666666666666,1,1.0,u21,1,3
2013-11-26 13:00:00,1,4,1,5,2.0,2.0,1,1.0,u21,1,3
2013-11-26 16:00:00,2,4,3,5,2.6666666666666665,1.3333333333333333,1,1.0,u21,2,3
2013-11-27 08:00:00,2,4,3,2,2.0,1.5,1,1.625,u21,4,3
2013-11-27 13:00:00,2,4,4,3,2.4,1.4,1,2.6,u21,1,3
2013-11-27 16:00:00,2,4,2,3,3.0,1.3333333333333333,1,2.3333333333333335,u21,2,3
2013-11-28 08:00:00,1,4,4,2,2.4375,2.9375,1,1.4375,u21,1,3
2013-11-28 13:00:00,3,4,4,4,2.6,3.2,1,1.0,u21,1,3
2013-11-28 16:00:00,2,4,3,3,3.0,3.0,1,1.0,u21,1,3
2013-11-29 08:00:00,2,4,4,2,2.375,3.8125,1,1.0,u21,2,3
2013-11-29 13:00:00,1,4,1,3,2.8,3.4,1,1.0,u21,1,3
2013-11-29 17:00:00,1,4,1,1,3.0,4.0,1,1.25,u21,2,3
2013-12-02 08:00:00,3,2,5,5,2.6825396825396823,3.126984126984127,1,2.5555555555555554,u21,1,3
2013-12-02 13:00:00,3,2,4,5,3.0,2.0,1,1.0,u21,1,3
2013-12-02 16:00:00,1,2,1,1,3.0,2.6666666666666665,1,1.0,u21,1,3
2013-12-03 08:00:00,3,3,3,5,2.9375,3.0625,1,1.0625,u21,4,3
2013-12-03 13:00:00,3,3,5,5,2.8,3.0,1,1.0,u21,2,3
2013-12-03 16:00:00,1,3,1,1,3.0,3.0,1,1.0,u21,2,3
2013-12-04 08:00:00,1,4,1,2,3.0,3.4375,1,1.1875,u21,5,3
2013-12-04 13:00:00,1,4,1,5,3.0,3.2,1,1.0,u21,3,3
2013-12-04 16:00:00,1,4,1,5,3.0,4.0,1,1.0,u21,1,3
2013-12-05 08:00:00,2,3,2,3,3.0,3.4375,1,1.4375,u21,1,3
2013-12-05 13:00:00,1,3,1,3,3.0,3.2,1,1.0,u21,1,3
2013-12-05 16:00:00,1,3,2,3,3.0,3.0,1,1.0,u21,2,3
2013-12-06 08:00:00,3,3,2,5,3.0,3.5625,1,1.0,u21,4,3
2013-12-06 13:00:00,1,3,3,1,3.0,2.6,1,1.2,u21,4,3
2013-12-06 16:00:00,1,3,1,1,3.0,2.0,1,1.0,u21,1,3
2013-12-09 08:00:00,2,3,3,5,2.8125,3.265625,1,1.203125,u21,1,3
2013-12-09 13:00:00,2,3,3,5,2.8,3.6,1,2.0,u21,4,3
2013-12-09 16:00:00,3,3,5,5,3.0,3.3333333333333335,1,2.3333333333333335,u21,1,3
2013-12-10 08:00:00,3,3,5,5,3.0,2.625,1,1.5,u21,3,3
2013-12-10 14:00:00,3,3,4,5,3.3333333333333335,3.1666666666666665,1,1.0,u21,1,3
2013-12-10 16:00:00,1,3,1,2,3.0,4.0,1,1.0,u21,1,3
2013-12-11 08:00:00,1,2,3,1,2.9375,4.0625,1,1.0,u21,1,3
2013-12-11 13:00:00,1,2,1,1,2.8,3.6,1,1.0,u21,2,3
2013-12-11 16:00:00,1,2,1,1,3.0,3.6666666666666665,1,1.0,u21,2,3
2013-12-12 08:00:00,1,3,2,1,2.9375,4.0,1,1.0,u21,2,3
2013-12-12 13:00:00,1,3,1,1,2.8,3.0,1,1.0,u21,1,3
2013-12-12 16:00:00,1,3,1,2,3.0,3.0,1,1.0,u21,2,3
2013-12-13 09:00:00,2,2,1,5,3.0,3.8823529411764706,1,1.0,u21,1,3
2013-12-13 13:00:00,1,2,1,1,3.0,2.75,1,1.0,u21,1,3
2013-12-13 16:00:00,1,2,1,1,3.0,3.0,1,1.0,u21,1,3
2013-12-16 08:00:00,1,2,3,3,2.890625,3.71875,1,1.09375,u21,2,3
2013-12-16 14:00:00,2,2,3,3,2.8333333333333335,3.3333333333333335,1,1.0,u21,1,3
2013-12-16 16:00:00,2,2,4,5,3.0,3.0,1,1.0,u21,2,3
2013-12-17 08:00:00,2,3,5,5,3.0,3.875,1,1.0,u21,1,3
2013-12-17 14:00:00,1,3,3,1,3.0,3.5,1,1.0,u21,1,3
2013-12-17 16:00:00,1,3,3,1,3.0,3.0,1,1.0,u21,1,3
2013-12-18 08:00:00,1,4,1,1,3.0,3.5,1,1.1875,u21,3,3
2013-12-18 13:00:00,1,4,1,1,3.0,2.8,1,2.0,u21,1,3
2013-12-18 17:00:00,1,4,1,1,3.0,3.0,1,2.0,u21,1,3
2013-12-19 08:00:00,1,4,1,1,2.933333333333333,3.4,1,1.5333333333333334,u21,1,3
2013-12-19 15:00:00,1,4,1,1,3.0,4.142857142857143,1,5.0,u21,1,3
2013-12-19 16:00:00,1,4,2,2,3.0,5.0,1,5.0,u21,1,3
2013-12-20 08:00:00,1,4,3,1,3.0,5.0,1,4.6875,u21,1,3
2013-12-20 13:00:00,1,4,1,1,3.0,5.0,1,5.0,u21,1,3
2013-12-20 17:00:00,1,4,1,1,3.0,5.0,1,5.0,u21,1,3
2013-11-15 10:00:00,2,4,5,3,3.0,5.0,1,5.0,u23,1,2
2013-11-15 13:00:00,2,4,5,3,3.0,5.0,1,5.0,u23,2,2
2013-11-15 15:00:00,2,4,5,3,3.0,5.0,1,5.0,u23,2,2
2013-11-15 16:00:00,2,4,5,3,3.0,5.0,1,5.0,u23,1,2
2013-11-18 08:00:00,2,4,5,3,2.828125,4.671875,1,2.796875,u23,2,2
2013-11-18 13:00:00,2,4,5,3,3.0,4.4,1,5.0,u23,1,2
2013-11-18 16:00:00,2,4,5,3,3.0,4.333333333333333,1,5.0,u23,1,2
2013-11-19 08:00:00,2,4,5,3,3.0,4.625,1,5.0,u23,1,2
2013-11-19 13:00:00,2,4,5,3,3.0,5.0,1,5.0,u23,4,2
2013-11-19 16:00:00,2,4,5,3,3.0,5.0,1,5.0,u23,2,2
2013-11-20 08:00:00,1,5,5,3,3.0,5.0,1,5.0,u23,1,2
2013-11-20 13:00:00,3,5,5,5,3.0,4.8,1,3.6,u23,3,2
2013-11-20 16:00:00,2,5,5,5,3.0,5.0,1,5.0,u23,3,2
2013-11-21 08:00:00,1,5,5,3,2.6875,5.0,1,3.8125,u23,1,2
2013-11-21 13:00:00,2,5,5,3,2.8,5.0,1,5.0,u23,3,2
2013-11-21 16:00:00,2,5,5,5,3.0,5.0,1,5.0,u23,1,2
2013-11-22 08:00:00,2,5,5,5,2.0625,5.0,1,4.9375,u23,1,2
2013-11-22 13:00:00,2,5,5,3,2.6,3.8,1,4.2,u23,3,2
2013-11-22 16:00:00,1,5,5,3,2.6666666666666665,3.3333333333333335,1,4.333333333333333,u23,1,2
2013-11-25 08:00:00,1,5,5,5,2.703125,3.953125,2,4.203125,u23,1,2
2013-11-25 13:00:00,2,5,5,5,2.6,2.6,1,1.0,u23,3,2
2013-11-25 16:00:00,2,5,5,5,2.6666666666666665,2.0,1,1.0,u23,2,2
2013-11-26 08:00:00,2,5,5,3,2.125,1.3125,1,1.0,u23,1,2
2013-11-26 13:00:00,2,5,5,5,2.0,2.0,1,1.0,u23,5,2
2013-11-26 16:00:00,2,5,5,5,2.6666666666666665,1.3333333333333333,1,1.0,u23,2,2
2013-11-27 09:00:00,2,2,5,5,2.0,1.5294117647058822,1,1.7058823529411764,u23,1,2
2013-11-27 13:00:00,2,2,5,5,2.5,1.25,1,2.5,u23,2,2
2013-11-27 16:00:00,2,2,5,5,3.0,1.3333333333333333,1,2.3333333333333335,u23,2,2
2013-11-28 08:00:00,2,3,5,5,2.4375,2.9375,1,1.4375,u23,1,2
2013-11-28 13:00:00,2,3,5,5,2.6,3.2,1,1.0,u23,5,2
2013-11-28 16:00:00,2,3,5,5,3.0,3.0,1,1.0,u23,1,2
2013-11-29 08:00:00,2,5,5,5,2.375,3.8125,1,1.0,u23,1,2
2013-11-29 14:00:00,2,5,5,5,2.8333333333333335,3.5,1,1.0,u23,4,2
2013-11-29 16:00:00,2,5,5,5,3.0,4.0,1,1.0,u23,2,2
2013-12-02 08:00:00,1,4,4,3,2.6875,3.140625,1,2.546875,u23,1,2
2013-12-02 14:00:00,3,4,5,5,3.0,2.0,1,1.0,u23,3,2
2013-12-02 16:00:00,2,4,5,5,3.0,3.0,1,1.0,u23,1,2
2013-12-03 08:00:00,2,5,5,5,2.9375,3.0625,1,1.0625,u23,1,2
2013-12-03 14:00:00,2,5,5,5,2.8333333333333335,3.0,1,1.0,u23,4,2
2013-12-03 16:00:00,3,5,5,5,3.0,3.0,1,1.0,u23,2,2
2013-12-04 08:00:00,2,4,5,5,3.0,3.4375,1,1.1875,u23,2,2
2013-12-04 14:00:00,2,4,5,5,3.0,3.3333333333333335,1,1.0,u23,2,2
2013-12-04 16:00:00,2,4,5,3,3.0,4.0,1,1.0,u23,2,2
2013-12-05 08:00:00,2,4,5,3,3.0,3.4375,1,1.4375,u23,1,2
2013-12-05 13:00:00,2,4,5,3,3.0,3.2,1,1.0,u23,3,2
2013-12-05 16:00:00,1,4,5,3,3.0,3.0,1,1.0,u23,3,2
2013-12-06 08:00:00,2,2,5,3,3.0,3.5625,1,1.0,u23,1,2
2013-12-06 15:00:00,1,2,5,3,3.0,2.4285714285714284,1,1.1428571428571428,u23,4,2
2013-12-06 16:00:00,1,2,5,3,3.0,2.0,1,1.0,u23,1,2
2013-12-09 08:00:00,2,5,5,3,2.8125,3.265625,1,1.203125,u23,1,2
2013-12-09 13:00:00,2,5,5,3,2.8,3.6,1,2.0,u23,3,2
2013-12-09 16:00:00,2,5,5,3,3.0,3.3333333333333335,1,2.3333333333333335,u23,2,2
2013-12-10 08:00:00,2,5,5,3,3.0,2.625,1,1.5,u23,1,2
2013-12-10 13:00:00,2,5,5,3,3.2,3.2,1,1.0,u23,3,2
2013-12-10 17:00:00,3,5,5,5,3.25,3.75,1,1.0,u23,2,2
2013-12-11 09:00:00,3,5,5,5,2.875,4.0625,1,1.0,u23,1,2
2013-12-11 13:00:00,3,5,5,5,3.0,3.5,1,1.0,u23,3,2
2013-12-11 16:00:00,2,5,5,5,3.0,3.6666666666666665,1,1.0,u23,2,2
2013-12-12 08:00:00,2,4,5,3,2.9375,4.0,1,1.0,u23,1,2
2013-12-12 13:00:00,2,4,5,5,2.8,3.0,1,1.0,u23,3,2
2013-12-12 16:00:00,2,4,5,3,3.0,3.0,1,1.0,u23,2,2
2013-12-13 08:00:00,2,4,5,5,3.0,3.875,1,1.0,u23,1,2
2013-12-13 13:00:00,2,4,5,5,3.0,3.0,1,1.0,u23,2,2
2013-12-13 16:00:00,2,4,5,5,3.0,3.0,1,1.0,u23,1,2
2013-12-16 08:00:00,2,4,3,3,2.890625,3.71875,1,1.09375,u23,1,2
2013-12-16 13:00:00,3,4,5,3,2.8,3.4,1,1.0,u23,1,2
2013-12-16 16:00:00,2,4,5,3,3.0,3.0,1,1.0,u23,1,2
2013-12-17 08:00:00,3,4,5,5,3.0,3.875,1,1.0,u23,1,2
2013-12-17 13:00:00,2,4,5,3,3.0,3.6,1,1.0,u23,1,2
2013-12-17 16:00:00,2,4,3,3,3.0,3.0,1,1.0,u23,1,2
2013-12-18 08:00:00,2,4,3,3,3.0,3.5,1,1.1875,u23,1,2
2013-12-18 13:00:00,2,4,3,3,3.0,2.8,1,2.0,u23,2,2
2013-12-18 16:00:00,2,4,5,3,3.0,3.0,1,2.0,u23,2,2
2013-12-19 08:00:00,1,4,3,3,2.9375,3.375,1,1.5625,u23,1,2
2013-12-19 13:00:00,2,4,5,3,3.0,4.0,1,5.0,u23,3,2
2013-12-19 16:00:00,2,4,5,3,3.0,4.666666666666667,1,5.0,u23,2,2
2013-12-20 08:00:00,2,4,5,3,3.0,5.0,1,4.6875,u23,1,2
2013-12-20 14:00:00,2,4,5,3,3.0,5.0,1,5.0,u23,1,2
2013-12-20 16:00:00,1,4,3,3,3.0,5.0,1,5.0,u23,1,2
2013-11-04 09:00:00,1,3,5,1,3.0,4.888888888888889,1,5.0,u25,1,4
2013-11-04 13:00:00,1,3,5,2,3.0,5.0,1,5.0,u25,1,4
2013-11-04 16:00:00,1,3,5,1,3.0,5.0,1,5.0,u25,1,4
2013-11-05 09:00:00,1,1,4,1,3.0,5.0,1,4.235294117647059,u25,1,4
2013-11-05 13:00:00,2,1,5,3,3.75,3.25,1,1.75,u25,1,4
2013-11-05 17:00:00,2,1,5,4,3.5,4.0,1,3.25,u25,1,4
2013-11-06 09:00:00,2,3,4,1,3.0,4.875,1,3.6875,u25,1,4
2013-11-06 13:00:00,2,3,4,1,3.5,3.75,1,1.5,u25,1,4
2013-11-06 14:00:00,1,3,4,1,4.0,3.0,1,2.0,u25,1,4
2013-11-06 16:00:00,1,3,4,1,4.0,3.5,1,1.5,u25,1,4
2013-11-07 09:00:00,2,4,5,1,3.1176470588235294,4.647058823529412,1,1.0,u25,1,4
2013-11-07 13:00:00,2,4,5,1,3.75,3.25,1,1.0,u25,1,4
2013-11-07 17:00:00,3,4,5,1,4.0,4.0,1,4.5,u25,1,4
2013-11-08 10:00:00,3,3,4,1,3.0,5.0,1,5.0,u25,1,4
2013-11-08 13:00:00,1,3,5,1,3.6666666666666665,4.333333333333333,1,5.0,u25,1,4
2013-11-08 16:00:00,1,3,3,1,4.0,4.333333333333333,1,5.0,u25,1,4
2013-11-11 09:00:00,1,4,4,1,2.876923076923077,4.523076923076923,1,4.123076923076923,u25,1,4
2013-11-11 13:00:00,1,4,4,1,3.0,2.0,1,3.0,u25,1,4
2013-11-11 16:00:00,1,4,3,1,3.0,2.0,1,2.6666666666666665,u25,1,4
2013-11-12 09:00:00,1,4,3,1,3.0,2.2941176470588234,1,2.823529411764706,u25,1,4
2013-11-12 13:00:00,1,4,5,1,3.5,3.0,1,2.25,u25,1,4
2013-11-12 16:00:00,2,4,5,2,4.0,3.0,1,1.0,u25,1,4
2013-11-13 09:00:00,1,5,4,1,3.1176470588235294,4.117647058823529,1,2.4705882352941178,u25,1,4
2013-11-13 13:00:00,1,5,3,1,3.75,3.25,1,2.0,u25,1,4
2013-11-13 16:00:00,1,5,4,1,4.0,3.0,1,1.3333333333333333,u25,1,4
2013-11-14 09:00:00,1,4,5,1,3.2941176470588234,4.352941176470588,1,4.647058823529412,u25,1,4
2013-11-14 14:00:00,1,4,5,1,3.0,4.6,1,5.0,u25,1,4
2013-11-14 16:00:00,2,4,5,1,3.0,5.0,1,5.0,u25,1,4
2013-11-15 08:00:00,1,4,5,1,3.0,5.0,1,5.0,u25,1,4
2013-11-15 13:00:00,2,4,4,1,3.0,5.0,1,5.0,u25,1,4
2013-11-15 17:00:00,2,4,5,1,3.0,5.0,1,5.0,u25,1,4
2013-11-18 08:00:00,1,4,4,1,2.8253968253968256,4.666666666666667,1,2.761904761904762,u25,1,4
2013-11-18 13:00:00,1,4,3,1,3.0,4.4,1,5.0,u25,1,4
2013-11-18 17:00:00,3,4,5,1,3.0,4.25,1,5.0,u25,1,4
2013-11-19 08:00:00,1,4,2,1,3.0,4.666666666666667,1,5.0,u25,1,4
2013-11-19 13:00:00,1,4,2,1,3.0,5.0,1,5.0,u25,1,4
2013-11-19 16:00:00,1,4,2,1,3.0,5.0,1,5.0,u25,1,4
2013-11-20 08:00:00,1,4,3,1,3.0,5.0,1,5.0,u25,1,4
2013-11-20 13:00:00,1,4,4,1,3.0,4.8,1,3.6,u25,1,4
2013-11-20 16:00:00,1,4,3,1,3.0,5.0,1,5.0,u25,1,4
2013-11-21 08:00:00,1,3,5,2,2.6875,5.0,1,3.8125,u25,1,4
2013-11-21 13:00:00,1,3,5,2,2.8,5.0,1,5.0,u25,1,4
2013-11-21 16:00:00,2,3,5,3,3.0,5.0,1,5.0,u25,1,4
2013-11-22 08:00:00,1,4,2,1,2.0625,5.0,1,4.9375,u25,1,4
2013-11-22 13:00:00,1,4,4,1,2.6,3.8,1,4.2,u25,1,4
2013-11-22 16:00:00,2,4,3,1,2.6666666666666665,3.3333333333333335,1,4.333333333333333,u25,1,4
2013-11-25 08:00:00,1,4,3,1,2.703125,3.953125,2,4.203125,u25,1,4
2013-11-25 13:00:00,1,4,4,1,2.6,2.6,1,1.0,u25,3,4
2013-11-25 19:00:00,1,4,3,1,2.6666666666666665,1.5,1,1.0,u25,1,4
2013-11-26 09:00:00,1,3,3,1,2.0,1.4285714285714286,1,1.0,u25,1,4
2013-11-26 13:00:00,1,3,3,1,2.0,2.0,1,1.0,u25,1,4
2013-11-26 17:00:00,1,3,3,3,2.5,1.25,1,1.0,u25,1,4
2013-11-27 08:00:00,1,4,3,1,2.0,1.5333333333333334,1,1.6666666666666667,u25,1,4
2013-11-27 13:00:00,1,4,2,1,2.4,1.4,1,2.6,u25,1,4
2013-11-27 16:00:00,2,4,5,3,3.0,1.3333333333333333,1,2.3333333333333335,u25,2,4
2013-11-28 08:00:00,1,4,4,1,2.4375,2.9375,1,1.4375,u25,1,4
2013-11-28 14:00:00,2,4,5,1,2.6666666666666665,3.1666666666666665,1,1.0,u25,2,4
2013-11-28 16:00:00,2,4,5,1,3.0,3.0,1,1.0,u25,1,4
2013-11-29 09:00:00,1,3,1,1,2.3529411764705883,3.823529411764706,1,1.0,u25,1,4
2013-11-29 13:00:00,1,3,3,1,3.0,3.25,1,1.0,u25,1,4
2013-11-29 16:00:00,3,3,3,1,3.0,4.0,1,1.0,u25,1,4
2013-12-02 08:00:00,1,4,1,1,2.6875,3.140625,1,2.546875,u25,1,4
2013-12-02 13:00:00,1,4,3,1,3.0,2.0,1,1.0,u25,1,4
2013-12-02 16:00:00,1,4,3,1,3.0,2.6666666666666665,1,1.0,u25,1,4
2013-12-03 08:00:00,1,4,1,1,2.9375,3.0625,1,1.0625,u25,1,4
2013-12-03 13:00:00,1,4,3,1,2.8,3.0,1,1.0,u25,1,4
2013-12-03 16:00:00,2,4,4,2,3.0,3.0,1,1.0,u25,1,4
2013-12-04 08:00:00,1,4,1,1,3.0,3.4375,1,1.1875,u25,1,4
2013-12-04 13:00:00,1,4,1,1,3.0,3.2,1,1.0,u25,1,4
2013-12-04 16:00:00,1,4,3,1,3.0,4.0,1,1.0,u25,1,4
2013-12-05 08:00:00,1,4,3,1,3.0,3.4375,1,1.4375,u25,2,4
2013-12-05 15:00:00,3,4,5,2,3.0,3.142857142857143,1,1.0,u25,1,4
2013-12-05 16:00:00,3,4,5,3,3.0,3.0,1,1.0,u25,1,4
2013-12-06 08:00:00,1,4,2,1,3.0,3.5625,1,1.0,u25,1,4
2013-12-06 13:00:00,1,4,3,1,3.0,2.6,1,1.2,u25,2,4
2013-12-06 16:00:00,2,4,4,1,3.0,2.0,1,1.0,u25,1,4
2013-12-09 09:00:00,1,4,3,1,2.8,3.276923076923077,1,1.2153846153846153,u25,1,4
2013-12-09 13:00:00,1,4,2,1,3.0,3.5,1,2.0,u25,1,4
2013-12-10 07:00:00,1,4,3,1,3.0,2.7222222222222223,1,1.6666666666666667,u25,2,4
2013-12-10 08:00:00,1,4,2,1,3.0,3.0,1,1.0,u25,1,4
2013-12-10 13:00:00,2,4,3,1,3.2,3.2,1,1.0,u25,5,4
2013-12-10 16:00:00,1,4,4,2,3.3333333333333335,3.6666666666666665,1,1.0,u25,1,4
2013-12-11 08:00:00,1,4,2,1,2.9375,4.0625,1,1.0,u25,1,4
2013-12-11 13:00:00,1,4,2,1,2.8,3.6,1,1.0,u25,2,4
2013-12-11 16:00:00,1,4,2,1,3.0,3.6666666666666665,1,1.0,u25,1,4
2013-12-12 08:00:00,1,4,3,1,2.9375,4.0,1,1.0,u25,1,4
2013-12-12 13:00:00,2,4,4,2,2.8,3.0,1,1.0,u25,1,4
2013-12-12 16:00:00,3,4,5,4,3.0,3.0,1,1.0,u25,1,4
2013-12-13 08:00:00,1,3,1,1,3.0,3.875,1,1.0,u25,1,4
2013-12-13 13:00:00,1,3,2,1,3.0,3.0,1,1.0,u25,1,4
2013-12-13 16:00:00,2,3,4,3,3.0,3.0,1,1.0,u25,1,4
2013-12-16 08:00:00,1,4,1,1,2.890625,3.71875,1,1.09375,u25,2,4
2013-12-16 13:00:00,1,4,1,1,2.8,3.4,1,1.0,u25,1,4
2013-12-16 17:00:00,1,4,3,1,3.0,3.0,1,1.0,u25,1,4
2013-12-17 08:00:00,1,4,2,1,3.0,3.933333333333333,1,1.0,u25,1,4
2013-12-17 13:00:00,1,4,2,1,3.0,3.6,1,1.0,u25,1,4
2013-12-17 16:00:00,1,4,4,3,3.0,3.0,1,1.0,u25,1,4
2013-12-18 08:00:00,1,4,1,1,3.0,3.5,1,1.1875,u25,1,4
2013-12-18 13:00:00,1,4,4,1,3.0,2.8,1,2.0,u25,1,4
2013-12-18 16:00:00,1,4,2,2,3.0,3.0,1,2.0,u25,1,4
2013-12-19 08:00:00,1,5,4,1,2.9375,3.375,1,1.5625,u25,1,4
2013-12-19 13:00:00,2,5,5,2,3.0,4.0,1,5.0,u25,1,4
2013-12-19 16:00:00,3,5,5,2,3.0,4.666666666666667,1,5.0,u25,1,4
2013-12-20 08:00:00,1,5,3,1,3.0,5.0,1,4.6875,u25,1,4
2013-12-20 13:00:00,2,5,4,1,3.0,5.0,1,5.0,u25,1,4
2013-12-20 16:00:00,2,5,3,1,3.0,5.0,1,5.0,u25,1,4
2013-11-07 09:00:00,1,5,2,3,3.0,4.888888888888889,1,1.0,u27,1,3
2013-11-07 13:00:00,3,5,2,4,3.75,3.25,1,1.0,u27,1,3
2013-11-07 22:00:00,3,5,3,2,3.4444444444444446,4.555555555555555,1,4.777777777777778,u27,1,3
2013-11-08 09:00:00,2,5,3,4,3.0,5.0,1,5.0,u27,1,3
2013-11-08 13:00:00,1,5,4,1,3.5,4.5,1,5.0,u27,1,3
2013-11-08 18:00:00,1,5,4,1,3.6,4.6,1,5.0,u27,1,3
2013-11-11 12:00:00,2,5,3,1,2.878787878787879,4.393939393939394,1,4.045454545454546,u27,4,3
2013-11-11 13:00:00,1,5,3,3,3.0,2.0,1,3.0,u27,1,3
2013-11-11 16:00:00,3,5,3,3,3.0,2.0,1,2.6666666666666665,u27,1,3
2013-11-12 09:00:00,1,5,3,1,3.0,2.2941176470588234,1,2.823529411764706,u27,2,3
2013-11-12 14:00:00,3,5,2,4,3.6,3.0,1,2.0,u27,1,3
2013-11-12 16:00:00,1,5,3,2,4.0,3.0,1,1.0,u27,1,3
2013-11-13 12:00:00,3,5,3,5,3.2,4.0,1,2.4,u27,2,3
2013-11-13 13:00:00,2,5,3,3,4.0,3.0,1,2.0,u27,1,3
2013-11-13 17:00:00,2,5,3,5,4.0,3.0,1,1.75,u27,1,3
2013-11-14 09:00:00,3,4,3,4,3.25,4.4375,1,4.75,u27,1,3
2013-11-14 13:00:00,3,4,4,2,3.0,4.5,1,5.0,u27,1,3
2013-11-14 16:00:00,2,4,4,2,3.0,5.0,1,5.0,u27,1,3
2013-11-15 09:00:00,1,5,2,3,3.0,5.0,1,5.0,u27,1,3
2013-11-15 10:00:00,2,5,4,3,3.0,5.0,1,5.0,u27,1,3
2013-11-15 13:00:00,3,5,4,2,3.0,5.0,1,5.0,u27,1,3
2013-11-15 16:00:00,1,5,4,3,3.0,5.0,1,5.0,u27,1,3
2013-11-18 09:00:00,2,3,3,3,2.830769230769231,4.676923076923077,1,2.830769230769231,u27,4,3
2013-11-18 13:00:00,1,3,1,3,3.0,4.25,1,5.0,u27,2,3
2013-11-18 16:00:00,1,3,3,3,3.0,4.333333333333333,1,5.0,u27,1,3
2013-11-19 10:00:00,3,5,3,2,3.0,4.666666666666667,1,5.0,u27,1,3
2013-11-19 13:00:00,1,5,3,2,3.0,5.0,1,5.0,u27,1,3
2013-11-19 17:00:00,2,5,3,3,3.0,5.0,1,5.0,u27,1,3
2013-11-20 11:00:00,1,5,3,2,3.0,5.0,1,4.611111111111111,u27,3,3
2013-11-20 15:00:00,2,5,3,4,3.0,4.75,1,5.0,u27,1,3
2013-11-20 16:00:00,2,5,4,1,3.0,5.0,1,5.0,u27,1,3
2013-11-21 08:00:00,1,5,3,1,2.6875,5.0,1,3.8125,u27,1,3
2013-11-21 14:00:00,2,5,3,2,2.8333333333333335,5.0,1,5.0,u27,1,3
2013-11-22 08:00:00,1,3,4,2,2.1666666666666665,5.0,2,4.944444444444445,u27,1,3
2013-11-22 13:00:00,1,3,3,1,2.6,3.8,1,4.2,u27,2,3
2013-11-25 11:00:00,1,5,3,1,2.7142857142857144,3.8714285714285714,2,4.071428571428571,u27,3,3
2013-11-25 13:00:00,1,5,3,1,2.0,2.5,1,1.0,u27,1,3
2013-11-25 16:00:00,1,5,3,1,2.6666666666666665,2.0,1,1.0,u27,1,3
2013-11-26 08:00:00,2,5,3,3,2.125,1.3125,1,1.0,u27,1,3
2013-11-26 13:00:00,2,5,3,3,2.0,2.0,1,1.0,u27,1,3
2013-11-27 06:00:00,1,5,3,1,2.1176470588235294,1.4705882352941178,1,1.3529411764705883,u27,1,3
2013-11-28 08:00:00,1,5,2,2,2.4615384615384617,2.3461538461538463,1,1.8846153846153846,u27,4,3
2013-11-28 10:00:00,1,5,3,2,2.0,3.5,1,1.0,u27,1,3
2013-11-28 22:00:00,1,5,3,2,2.75,3.25,1,1.0,u27,2,3
2013-11-29 08:00:00,2,5,3,1,2.3,4.0,1,1.0,u27,1,3
2013-11-29 09:00:00,1,5,3,2,2.0,4.0,1,1.0,u27,1,3
2013-11-29 13:00:00,2,5,3,1,3.0,3.25,1,1.0,u27,1,3
2013-12-02 08:00:00,1,5,3,2,2.701492537313433,3.1791044776119404,1,2.4776119402985075,u27,2,3
2013-12-02 14:00:00,1,5,3,2,3.0,2.0,1,1.0,u27,1,3
2013-12-02 21:00:00,1,5,3,2,3.0,3.0,1,1.0,u27,1,3
2013-12-03 08:00:00,2,5,2,2,2.909090909090909,3.090909090909091,1,1.0909090909090908,u27,1,3
2013-12-03 13:00:00,1,5,3,1,2.8,3.0,1,1.0,u27,2,3
2013-12-03 21:00:00,1,5,2,2,3.0,3.625,1,1.125,u27,1,3
2013-12-04 08:00:00,2,5,3,2,3.0,3.1818181818181817,1,1.1818181818181819,u27,1,3
2013-12-04 13:00:00,1,5,3,3,3.0,3.2,1,1.0,u27,1,3
2013-12-04 18:00:00,1,5,2,5,3.0,4.0,1,1.0,u27,1,3
2013-12-05 11:00:00,2,5,3,2,3.0,3.3529411764705883,1,1.411764705882353,u27,1,3
2013-12-05 12:00:00,3,5,3,2,3.0,3.0,1,1.0,u27,1,3
2013-12-05 13:00:00,2,5,3,2,3.0,3.0,1,1.0,u27,1,3
2013-12-05 18:00:00,1,5,3,2,3.0,3.2,1,1.0,u27,1,3
2013-12-06 09:00:00,2,5,3,2,3.0,3.533333333333333,1,1.0,u27,1,3
2013-12-06 18:00:00,1,5,3,1,3.0,2.4444444444444446,1,1.1111111111111112,u27,1,3
2013-12-09 13:00:00,2,4,3,2,2.8059701492537314,3.298507462686567,1,1.2686567164179106,u27,3,3
2013-12-10 09:00:00,2,4,3,2,3.0,2.75,1,1.6,u27,2,3
2013-12-10 13:00:00,1,4,3,1,3.25,3.25,1,1.0,u27,1,3
2013-12-11 13:00:00,2,4,3,2,2.9583333333333335,3.9166666666666665,1,1.0,u27,3,3
2013-12-12 09:00:00,2,4,3,1,2.9,3.95,1,1.0,u27,2,3
2013-12-12 14:00:00,2,4,3,1,3.0,2.8,1,1.0,u27,2,3
2013-12-13 08:00:00,1,5,3,1,3.0,3.7777777777777777,1,1.0,u27,1,3
2013-12-13 13:00:00,1,5,3,1,3.0,3.0,1,1.0,u27,1,3
2013-12-17 12:00:00,2,5,2,2,2.9157894736842107,3.6842105263157894,1,1.063157894736842,u27,5,3
2013-12-17 13:00:00,1,5,3,1,3.0,3.0,1,1.0,u27,1,3
2013-12-17 16:00:00,2,5,2,1,3.0,3.0,1,1.0,u27,1,3
2013-11-01 09:00:00,2,1,5,5,3.0,5.0,1,2.3333333333333335,u28,1,2
2013-11-12 08:00:00,2,3,5,5,3.129277566539924,4.406844106463878,2,3.828897338403042,u28,2,2
2013-11-12 09:00:00,2,3,5,5,3.0,3.0,1,3.0,u28,1,2
2013-11-12 14:00:00,2,3,2,5,3.6,3.0,1,2.0,u28,1,2
2013-11-12 21:00:00,1,3,1,4,3.5714285714285716,3.2857142857142856,1,1.0,u28,1,2
2013-11-13 07:00:00,3,3,3,5,3.0,4.5,1,3.4,u28,1,2
2013-11-13 09:00:00,2,3,3,5,3.0,4.0,1,1.5,u28,1,2
2013-11-13 15:00:00,2,3,3,5,3.8333333333333335,3.1666666666666665,1,1.6666666666666667,u28,1,2
2013-11-13 16:00:00,2,3,3,5,4.0,3.0,1,2.0,u28,1,2
2013-11-14 09:00:00,2,4,3,5,3.2941176470588234,4.352941176470588,1,4.647058823529412,u28,1,2
2013-11-14 13:00:00,2,4,4,5,3.0,4.5,1,5.0,u28,1,2
2013-11-14 14:00:00,2,4,1,4,3.0,5.0,1,5.0,u28,1,2
2013-11-15 10:00:00,1,3,3,1,3.0,5.0,1,5.0,u28,1,2
2013-11-15 13:00:00,1,3,2,2,3.0,5.0,1,5.0,u28,1,2
2013-11-18 08:00:00,2,3,3,4,2.8358208955223883,4.686567164179104,1,2.8955223880597014,u28,1,2
2013-11-18 14:00:00,2,3,3,5,3.0,4.333333333333333,1,5.0,u28,1,2
2013-11-18 16:00:00,3,3,4,5,3.0,4.5,1,5.0,u28,1,2
2013-11-19 09:00:00,2,3,5,5,3.0,4.647058823529412,1,5.0,u28,1,2
2013-11-19 13:00:00,2,3,4,5,3.0,5.0,1,5.0,u28,2,2
2013-11-19 16:00:00,1,3,2,2,3.0,5.0,1,5.0,u28,1,2
2013-11-20 13:00:00,1,2,3,4,3.0,4.9523809523809526,1,4.666666666666667,u28,4,2
2013-11-20 14:00:00,2,2,4,5,3.0,5.0,1,5.0,u28,1,2
2013-11-20 16:00:00,1,2,2,3,3.0,5.0,1,5.0,u28,1,2
2013-11-21 08:00:00,1,4,3,5,2.6875,5.0,1,3.8125,u28,1,2
2013-11-21 13:00:00,1,4,2,3,2.8,5.0,1,5.0,u28,1,2
2013-11-21 22:00:00,1,2,2,2,2.4444444444444446,5.0,1,5.0,u28,2,2
2013-11-22 09:00:00,2,2,4,5,2.0,5.0,1,4.909090909090909,u28,1,2
2013-11-22 13:00:00,2,2,3,5,2.75,3.5,1,4.0,u28,2,2
2013-11-22 17:00:00,1,2,2,4,2.75,3.25,1,4.25,u28,1,2
2013-11-25 08:00:00,1,1,3,5,2.6984126984126986,3.9682539682539684,2,4.2063492063492065,u28,1,2
2013-11-25 13:00:00,1,1,3,5,2.6,2.6,1,1.0,u28,2,2
2013-11-26 07:00:00,1,4,3,5,2.2222222222222223,1.3888888888888888,1,1.0,u28,3,2
2013-11-26 13:00:00,2,4,1,5,2.0,2.0,1,1.0,u28,3,2
2013-11-26 16:00:00,2,4,5,5,2.6666666666666665,1.3333333333333333,1,1.0,u28,1,2
2013-11-27 08:00:00,2,3,3,5,2.0,1.5,1,1.625,u28,1,2
2013-11-27 13:00:00,2,3,3,5,2.4,1.4,1,2.6,u28,2,2
2013-11-27 16:00:00,2,3,3,5,3.0,1.3333333333333333,1,2.3333333333333335,u28,5,2
2013-11-28 08:00:00,2,2,4,5,2.4375,2.9375,1,1.4375,u28,1,2
2013-11-28 13:00:00,3,2,3,5,2.6,3.2,1,1.0,u28,1,2
2013-11-28 16:00:00,2,2,3,4,3.0,3.0,1,1.0,u28,1,2
2013-11-29 10:00:00,1,2,3,5,2.388888888888889,3.8333333333333335,1,1.0,u28,1,2
2013-12-02 08:00:00,2,2,3,5,2.7142857142857144,3.1714285714285713,1,2.414285714285714,u28,2,2
2013-12-02 13:00:00,2,2,3,5,3.0,2.0,1,1.0,u28,1,2
2013-12-03 13:00:00,2,3,3,5,2.9166666666666665,3.0,1,1.0416666666666667,u28,1,2
2013-12-03 16:00:00,2,3,3,5,3.0,3.0,1,1.0,u28,1,2
2013-12-04 08:00:00,2,3,3,5,3.0,3.4375,1,1.1875,u28,1,2
2013-12-04 13:00:00,1,3,1,5,3.0,3.2,1,1.0,u28,1,2
2013-12-04 16:00:00,1,3,2,5,3.0,4.0,1,1.0,u28,1,2
2013-12-05 08:00:00,3,1,3,5,3.0,3.4375,1,1.4375,u28,1,2
2013-12-09 08:00:00,2,1,3,5,2.875,3.2291666666666665,1,1.1458333333333333,u28,1,2
2013-12-09 16:00:00,2,1,3,5,2.875,3.5,1,2.125,u28,3,2
2013-12-10 08:00:00,2,3,4,5,3.0,2.625,1,1.5,u28,1,2
2013-12-10 13:00:00,3,3,4,5,3.2,3.2,1,1.0,u28,2,2
2013-12-10 16:00:00,3,3,5,5,3.3333333333333335,3.6666666666666665,1,1.0,u28,1,2
2013-12-11 09:00:00,3,3,4,5,2.8823529411764706,4.0588235294117645,1,1.0,u28,2,2
2013-12-11 13:00:00,3,3,5,5,3.0,3.5,1,1.0,u28,1,2
2013-12-11 16:00:00,3,3,5,5,3.0,3.6666666666666665,1,1.0,u28,1,2
2013-12-12 08:00:00,3,3,4,5,2.9375,4.0,1,1.0,u28,1,2
2013-12-12 14:00:00,3,3,5,5,2.8333333333333335,3.0,1,1.0,u28,1,2
2013-12-13 10:00:00,3,4,4,5,3.0,3.8,1,1.0,u28,1,2
2013-12-13 13:00:00,2,4,3,3,3.0,2.3333333333333335,1,1.0,u28,1,2
2013-12-16 08:00:00,3,3,5,5,2.8955223880597014,3.6865671641791047,1,1.0895522388059702,u28,2,2
2013-12-16 13:00:00,3,3,4,5,2.8,3.4,1,1.0,u28,3,2
2013-12-16 17:00:00,2,3,3,3,3.0,3.0,1,1.0,u28,1,2
2013-12-17 08:00:00,2,3,3,5,3.0,3.933333333333333,1,1.0,u28,1,2
2013-12-17 13:00:00,2,3,3,5,3.0,3.6,1,1.0,u28,1,2
2013-12-17 17:00:00,1,3,3,3,3.0,3.0,1,1.0,u28,2,2
2013-12-18 08:00:00,2,2,3,5,3.0,3.533333333333333,1,1.2,u28,2,2
2013-12-18 14:00:00,3,2,4,5,3.0,2.8333333333333335,1,2.0,u28,3,2
2013-12-18 16:00:00,2,2,4,5,3.0,3.0,1,2.0,u28,1,2
2013-12-19 09:00:00,3,3,4,5,2.9411764705882355,3.411764705882353,1,1.7647058823529411,u28,1,2
2013-12-19 13:00:00,3,3,4,5,3.0,4.0,1,5.0,u28,1,2
2013-12-19 16:00:00,3,3,4,5,3.0,4.666666666666667,1,5.0,u28,1,2
2013-12-20 09:00:00,3,3,4,5,3.0,5.0,1,4.705882352941177,u28,1,2
2013-12-20 13:00:00,3,3,4,5,3.0,5.0,1,5.0,u28,1,2
2013-12-20 16:00:00,2,3,3,4,3.0,5.0,1,5.0,u28,1,2
2013-10-31 13:00:00,2,4,2,3,3.3076923076923075,4.384615384615385,1,3.3846153846153846,u29,2,4
2013-10-31 16:00:00,1,4,1,3,4.0,4.0,1,2.6666666666666665,u29,1,4
2013-11-04 13:00:00,1,4,3,1,3.236559139784946,4.795698924731183,1,4.021505376344086,u29,1,4
2013-11-04 16:00:00,1,4,1,3,3.0,5.0,1,5.0,u29,2,4
2013-11-05 09:00:00,1,4,1,1,3.0,5.0,1,4.235294117647059,u29,3,4
2013-11-05 13:00:00,1,4,1,1,3.75,3.25,1,1.75,u29,3,4
2013-11-05 16:00:00,1,4,3,4,3.6666666666666665,3.6666666666666665,1,3.3333333333333335,u29,2,4
2013-11-06 09:00:00,2,3,5,4,3.0,4.882352941176471,1,3.6470588235294117,u29,2,4
2013-11-06 13:00:00,2,3,3,3,3.5,3.75,1,1.5,u29,1,4
2013-11-06 17:00:00,2,3,4,5,4.0,3.25,1,1.5,u29,3,4
2013-11-07 13:00:00,2,3,3,3,3.2,4.45,1,1.0,u29,3,4
2013-11-07 16:00:00,1,3,1,1,4.0,3.6666666666666665,1,4.333333333333333,u29,2,4
2013-11-08 13:00:00,1,3,1,5,3.142857142857143,4.904761904761905,1,5.0,u29,2,4
2013-11-11 13:00:00,1,3,1,3,2.9305555555555554,4.375,1,4.097222222222222,u29,5,4
2013-11-11 16:00:00,1,3,1,3,3.0,2.0,1,2.6666666666666665,u29,2,4
2013-11-12 16:00:00,1,3,1,3,3.2083333333333335,2.5,1,2.5,u29,2,4
2013-11-13 10:00:00,1,3,4,4,3.111111111111111,4.111111111111111,1,2.4444444444444446,u29,5,4
2013-11-13 13:00:00,1,3,1,1,4.0,3.0,1,2.0,u29,2,4
2013-11-13 16:00:00,2,3,4,5,4.0,3.0,1,1.3333333333333333,u29,2,4
2013-11-14 09:00:00,2,4,5,3,3.2941176470588234,4.352941176470588,1,4.647058823529412,u29,1,4
2013-11-14 13:00:00,1,4,1,3,3.0,4.5,1,5.0,u29,3,4
2013-11-14 16:00:00,1,4,1,5,3.0,5.0,1,5.0,u29,1,4
2013-11-15 08:00:00,1,5,1,1,3.0,5.0,1,5.0,u29,1,4
2013-11-15 13:00:00,1,5,1,3,3.0,5.0,1,5.0,u29,1,4
2013-11-15 16:00:00,1,5,3,1,3.0,5.0,1,5.0,u29,2,4
2013-11-18 08:00:00,1,5,3,3,2.828125,4.671875,1,2.796875,u29,5,4
2013-11-18 13:00:00,1,5,1,5,3.0,4.4,1,5.0,u29,3,4
2013-11-18 16:00:00,3,5,5,5,3.0,4.333333333333333,1,5.0,u29,1,4
2013-11-19 08:00:00,1,5,5,1,3.0,4.625,1,5.0,u29,1,4
2013-11-19 13:00:00,2,5,3,5,3.0,5.0,1,5.0,u29,3,4
2013-11-19 16:00:00,1,5,3,3,3.0,5.0,1,5.0,u29,1,4
2013-11-20 08:00:00,1,3,1,5,3.0,5.0,1,5.0,u29,1,4
2013-11-20 13:00:00,1,3,3,5,3.0,4.8,1,3.6,u29,3,4
2013-11-20 16:00:00,2,3,5,1,3.0,5.0,1,5.0,u29,1,4
2013-11-21 08:00:00,3,1,3,3,2.6875,5.0,1,3.8125,u29,1,4
2013-11-21 14:00:00,2,1,5,3,2.8333333333333335,5.0,1,5.0,u29,2,4
2013-11-21 16:00:00,2,1,4,2,3.0,5.0,1,5.0,u29,1,4
2013-11-22 09:00:00,1,5,1,1,2.0588235294117645,5.0,2,4.9411764705882355,u29,3,4
2013-11-22 13:00:00,2,5,5,1,2.75,3.5,1,4.0,u29,2,4
2013-11-25 08:00:00,1,5,1,3,2.701492537313433,3.925373134328358,2,4.208955223880597,u29,5,4
2013-11-25 13:00:00,1,5,3,3,2.6,2.6,1,1.0,u29,3,4
2013-11-25 16:00:00,1,5,3,3,2.6666666666666665,2.0,1,1.0,u29,3,4
2013-11-26 08:00:00,1,5,1,1,2.125,1.3125,1,1.0,u29,2,4
2013-11-26 14:00:00,1,5,1,3,2.0,2.0,1,1.0,u29,3,4
2013-11-26 16:00:00,1,5,1,3,3.0,1.0,1,1.0,u29,1,4
2013-11-27 08:00:00,1,5,1,3,2.0,1.5,1,1.625,u29,2,4
2013-11-27 16:00:00,1,5,1,3,2.625,1.375,1,2.5,u29,3,4
2013-11-28 08:00:00,1,5,1,3,2.4375,2.9375,1,1.4375,u29,1,4
2013-11-28 14:00:00,1,5,3,3,2.6666666666666665,3.1666666666666665,1,1.0,u29,3,4
2013-11-28 16:00:00,1,5,1,3,3.0,3.0,1,1.0,u29,1,4
2013-11-29 08:00:00,1,5,1,1,2.375,3.8125,1,1.0,u29,1,4
2013-11-29 14:00:00,1,5,1,1,2.8333333333333335,3.5,1,1.0,u29,1,4
2013-11-29 16:00:00,1,5,1,1,3.0,4.0,1,1.0,u29,1,4
2013-12-02 08:00:00,1,5,1,3,2.6875,3.140625,1,2.546875,u29,4,4
2013-12-02 13:00:00,1,5,1,1,3.0,2.0,1,1.0,u29,2,4
2013-12-02 16:00:00,1,5,1,5,3.0,2.6666666666666665,1,1.0,u29,1,4
2013-12-03 09:00:00,1,5,1,3,2.8823529411764706,3.1176470588235294,1,1.0588235294117647,u29,3,4
2013-12-03 13:00:00,1,5,1,3,3.0,2.75,1,1.0,u29,3,4
2013-12-03 16:00:00,1,5,1,3,3.0,3.0,1,1.0,u29,1,4
2013-12-04 08:00:00,1,5,1,3,3.0,3.4375,1,1.1875,u29,2,4
2013-12-04 13:00:00,1,5,1,3,3.0,3.2,1,1.0,u29,3,4
2013-12-04 17:00:00,1,5,1,3,3.0,4.0,1,1.0,u29,1,4
2013-12-05 08:00:00,1,5,1,1,3.0,3.4,1,1.4666666666666666,u29,1,4
2013-12-05 13:00:00,1,5,3,3,3.0,3.2,1,1.0,u29,1,4
2013-12-05 16:00:00,1,5,3,4,3.0,3.0,1,1.0,u29,1,4
2013-12-06 08:00:00,2,3,4,5,3.0,3.5625,1,1.0,u29,2,4
2013-12-06 17:00:00,1,3,1,1,3.0,2.4444444444444446,1,1.1111111111111112,u29,2,4
2013-12-09 08:00:00,1,5,5,1,2.8095238095238093,3.2698412698412698,1,1.2063492063492063,u29,5,4
2013-12-09 13:00:00,1,5,1,1,2.8,3.6,1,2.0,u29,4,4
2013-11-07 08:00:00,2,4,3,3,3.0,4.875,1,1.0,u30,1,4
2013-11-07 16:00:00,1,4,3,3,3.75,3.625,1,2.25,u30,1,4
2013-11-08 09:00:00,1,2,3,4,3.0588235294117645,5.0,1,5.0,u30,1,4
2013-11-08 13:00:00,1,2,4,4,3.5,4.5,1,5.0,u30,1,4
2013-11-08 16:00:00,1,2,1,4,4.0,4.333333333333333,1,5.0,u30,1,4
2013-11-11 09:00:00,1,4,3,3,2.876923076923077,4.523076923076923,1,4.123076923076923,u30,1,4
2013-11-11 13:00:00,1,4,3,4,3.0,2.0,1,3.0,u30,1,4
2013-11-11 16:00:00,1,4,3,3,3.0,2.0,1,2.6666666666666665,u30,1,4
2013-11-12 09:00:00,1,4,3,4,3.0,2.2941176470588234,1,2.823529411764706,u30,1,4
2013-11-12 13:00:00,2,4,4,2,3.5,3.0,1,2.25,u30,1,4
2013-11-12 16:00:00,1,4,3,3,4.0,3.0,1,1.0,u30,1,4
2013-11-13 09:00:00,1,4,2,2,3.1176470588235294,4.117647058823529,1,2.4705882352941178,u30,1,4
2013-11-13 16:00:00,1,4,4,2,3.857142857142857,3.142857142857143,1,1.7142857142857142,u30,2,4
2013-11-14 08:00:00,1,1,4,2,3.3125,4.3125,1,4.625,u30,1,4
2013-11-14 13:00:00,1,1,3,3,3.0,4.6,1,5.0,u30,1,4
2013-11-14 16:00:00,1,1,3,3,3.0,5.0,1,5.0,u30,1,4
2013-11-15 08:00:00,1,1,4,2,3.0,5.0,1,5.0,u30,1,4
2013-11-15 13:00:00,1,1,3,3,3.0,5.0,1,5.0,u30,2,4
2013-11-15 16:00:00,3,1,4,2,3.0,5.0,1,5.0,u30,1,4
2013-11-18 08:00:00,1,4,4,4,2.828125,4.671875,1,2.796875,u30,1,4
2013-11-18 13:00:00,2,4,3,4,3.0,4.4,1,5.0,u30,1,4
2013-11-18 16:00:00,2,4,3,4,3.0,4.333333333333333,1,5.0,u30,2,4
2013-11-19 08:00:00,2,2,3,4,3.0,4.625,1,5.0,u30,1,4
2013-11-19 13:00:00,1,2,4,4,3.0,5.0,1,5.0,u30,1,4
2013-11-19 16:00:00,2,2,4,4,3.0,5.0,1,5.0,u30,1,4
2013-11-20 08:00:00,1,4,5,1,3.0,5.0,1,5.0,u30,2,4
2013-11-20 18:00:00,2,4,4,2,3.0,4.9,1,4.3,u30,2,4
2013-11-21 08:00:00,1,2,4,2,2.642857142857143,5.0,1,3.642857142857143,u30,1,4
2013-11-21 13:00:00,2,2,3,4,2.8,5.0,1,5.0,u30,2,4
2013-11-21 16:00:00,1,2,2,5,3.0,5.0,1,5.0,u30,1,4
2013-11-22 08:00:00,1,4,4,2,2.0625,5.0,1,4.9375,u30,1,4
2013-11-22 13:00:00,1,4,4,2,2.6,3.8,1,4.2,u30,2,4
2013-11-22 14:00:00,1,4,4,4,2.0,4.0,1,4.0,u30,1,4
2013-11-25 08:00:00,1,2,4,2,2.712121212121212,3.9242424242424243,2,4.212121212121212,u30,1,4
2013-11-25 10:00:00,3,2,1,5,3.0,3.0,1,1.0,u30,1,4
2013-11-25 13:00:00,1,2,4,3,2.3333333333333335,2.3333333333333335,1,1.0,u30,1,4
2013-11-25 16:00:00,1,2,4,4,2.6666666666666665,2.0,1,1.0,u30,1,4
2013-11-26 08:00:00,1,4,5,1,2.125,1.3125,1,1.0,u30,1,4
2013-11-26 16:00:00,1,4,5,1,2.25,1.75,1,1.0,u30,2,4
2013-11-27 10:00:00,1,1,5,1,2.0,1.5555555555555556,1,1.7777777777777777,u30,2,4
2013-11-27 16:00:00,1,1,5,1,2.8333333333333335,1.1666666666666667,1,2.3333333333333335,u30,2,4
2013-11-28 08:00:00,1,2,5,1,2.4375,2.9375,1,1.4375,u30,1,4
2013-11-28 13:00:00,2,2,4,3,2.6,3.2,1,1.0,u30,5,4
2013-11-28 17:00:00,3,2,4,4,3.0,3.0,1,1.0,u30,1,4
2013-11-29 08:00:00,1,2,5,4,2.3333333333333335,3.8666666666666667,1,1.0,u30,1,4
2013-11-29 14:00:00,2,2,5,3,2.8333333333333335,3.5,1,1.0,u30,1,4
2013-11-29 16:00:00,1,2,4,3,3.0,4.0,1,1.0,u30,1,4
2013-12-02 08:00:00,1,4,4,3,2.6875,3.140625,1,2.546875,u30,1,4
2013-12-02 13:00:00,1,4,3,2,3.0,2.0,1,1.0,u30,1,4
2013-12-02 16:00:00,1,4,4,2,3.0,2.6666666666666665,1,1.0,u30,1,4
2013-12-03 08:00:00,1,1,5,1,2.9375,3.0625,1,1.0625,u30,1,4
2013-12-03 12:00:00,1,1,5,1,2.75,3.25,1,1.0,u30,1,4
2013-12-03 16:00:00,1,1,5,1,3.0,2.75,1,1.0,u30,1,4
2013-12-04 09:00:00,2,4,5,5,3.0,3.411764705882353,1,1.1764705882352942,u30,1,4
2013-12-04 15:00:00,2,4,5,5,3.0,3.5,1,1.0,u30,1,4
2013-12-04 16:00:00,2,4,5,5,3.0,4.0,1,1.0,u30,1,4
2013-12-05 08:00:00,1,4,4,4,3.0,3.4375,1,1.4375,u30,1,4
2013-12-05 16:00:00,1,4,4,4,3.0,3.125,1,1.0,u30,3,4
2013-12-06 08:00:00,1,4,4,2,3.0,3.5625,1,1.0,u30,1,4
2013-12-06 13:00:00,2,4,4,4,3.0,2.6,1,1.2,u30,1,4
2013-12-09 08:00:00,1,2,5,1,2.8208955223880596,3.208955223880597,1,1.1940298507462686,u30,1,4
2013-12-09 13:00:00,1,2,5,2,2.8,3.6,1,2.0,u30,2,4
2013-12-09 16:00:00,1,2,4,2,3.0,3.3333333333333335,1,2.3333333333333335,u30,1,4
2013-12-10 09:00:00,1,5,4,2,3.0,2.6470588235294117,1,1.4705882352941178,u30,1,4
2013-12-10 13:00:00,1,5,5,3,3.25,3.25,1,1.0,u30,1,4
2013-12-11 08:00:00,1,2,5,1,3.0,4.0,1,1.0,u30,3,4
2013-12-11 15:00:00,2,2,5,1,2.857142857142857,3.5714285714285716,1,1.0,u30,2,4
2013-12-11 16:00:00,2,2,5,2,3.0,4.0,1,1.0,u30,1,4
2013-12-13 08:00:00,1,4,5,3,2.95,3.75,1,1.0,u30,5,4
2013-12-13 13:00:00,1,4,5,3,3.0,3.0,1,1.0,u30,2,4
2013-12-13 16:00:00,3,4,5,2,3.0,3.0,1,1.0,u30,1,4
2013-12-16 08:00:00,1,2,4,2,2.890625,3.71875,1,1.09375,u30,1,4
2013-12-16 10:00:00,1,2,4,3,2.5,4.0,1,1.0,u30,1,4
2013-12-16 13:00:00,1,2,5,2,3.0,3.0,1,1.0,u30,2,4
2013-12-16 16:00:00,1,2,5,3,3.0,3.0,1,1.0,u30,1,4
2013-12-18 08:00:00,1,1,3,4,3.0,3.625,1,1.075,u30,1,4
2013-12-18 13:00:00,2,1,4,5,3.0,2.8,1,2.0,u30,1,4
2013-12-18 16:00:00,2,1,4,4,3.0,3.0,1,2.0,u30,1,4
2013-12-19 08:00:00,1,4,4,4,2.9375,3.375,1,1.5625,u30,1,4
2013-12-19 13:00:00,1,4,3,5,3.0,4.0,1,5.0,u30,1,4
2013-12-20 08:00:00,1,4,5,4,3.0,4.947368421052632,1,4.7368421052631575,u30,2,4
2013-12-20 13:00:00,1,4,4,5,3.0,5.0,1,5.0,u30,2,4
2013-12-20 16:00:00,1,4,1,1,3.0,5.0,1,5.0,u30,1,4
